model,benchmark,item_id,context_index,pair_type,a,ab,b,baseline,interaction,absolute_interaction,source_video_id,candidate_a_time,candidate_b_time,evidence_pair,utility_a,utility_b,main_abs_sum,main_abs_max,main_abs_difference,main_signed_sum,baseline_magnitude,temporal_distance,main_abs_sum_squared,outside_common_support,selection_group,magnitude_quartile,case_id,question,options,answer,frame_a_image,frame_b_image
qwen3_vl_32b,lvbench,lvbench:1360,0,evidence_evidence,-6.5000961642945185,-2.5000530034303665,-2.500091440975666,10.17724812103188,16.677382722871698,16.677382722871698,uW9mcG0rdLY,2111.3333333333335,2112.6666666666665,1.0,-16.6773442853264,-12.677339562007546,29.354683847333945,16.6773442853264,4.0000047233188525,-29.354683847333945,10.17724812103188,1.3333333333330302,861.6974637769284,False,stress_positive_evidence_evidence,,case_000,"What is the man in the scene most likely doing while on the left side, there are a blue sweatshirt, a black T-shirt, a mint towel, and two black and red socks hanging on a rope to dry?","[""Sketching landscapes"", ""Writing a travel diary"", ""Calculating the weather on the island"", ""Recording the behavior of wild animals""]",D,images/case_000_a.jpg,images/case_000_b.jpg
qwen3_vl_4b,herbench,herbench:FOM_621,1,evidence_evidence,0.9910717904567719,6.995217981224414,-2.7504580952227116,4.833484801463783,13.588089087454136,13.588089087454136,P02-20240211-141313,891.55,1420.5,1.0,-3.842413011007011,-7.583942896686494,11.426355907693505,7.583942896686494,3.7415298856794834,-11.426355907693505,4.833484801463783,528.95,130.56160932928228,False,stress_positive_evidence_evidence,,case_001,Which of the following objects the camera wearer of the video did NOT interact with?,"[""size of heat"", ""top plate"", ""recipe book"", ""large saucepan"", ""table spoon""]",A,images/case_001_a.jpg,images/case_001_b.jpg
qwen3_vl_32b,nextgqa,nextgqa:5412696114:0,2,evidence_evidence,-0.37501978874206543,1.624978020787239,-1.000009298324585,9.799305798158457,12.799312906012347,12.799312906012347,5412696114,26.23333333333333,27.066666666666666,1.0,-10.174325586900522,-10.799315096483042,20.973640683383564,10.799315096483042,0.6249895095825195,-20.973640683383564,9.799305798158457,0.8333333333333357,439.8936035156822,False,stress_positive_evidence_evidence,,case_002,why did the baby fall over,"[""tripped over the toy"", ""pushed by dog"", ""lose balance when trying reach forward"", ""to jump into the pool"", ""girl pushes baby""]",C,images/case_002_a.jpg,images/case_002_b.jpg
qwen3_vl_32b,nextgqa,nextgqa:10173643695:5,2,evidence_evidence,-7.625084321945906,-8.250017204729374,-8.625014919933164,4.323550011962652,12.323632049112348,12.323632049112348,10173643695,14.3,16.700000000000003,1.0,-11.948634333908558,-12.948564931895817,24.897199265804375,12.948564931895817,0.9999305979872588,-24.897199265804375,4.323550011962652,2.400000000000002,619.8705312811699,False,stress_positive_evidence_evidence,,case_003,what does the boy in red and black shorts do as the boy in blue shorts was hanging on the pole,"[""walk in front of him"", ""watch the kids"", ""jumps withthem"", ""droped on table"", ""climb on table""]",E,images/case_003_a.jpg,images/case_003_b.jpg
perception_lm_8b,nextgqa,nextgqa:5412696114:0,2,evidence_evidence,-4.937521581538022,-9.281252269560355,-9.500004294648534,6.3944449062692,11.5507185128954,11.5507185128954,5412696114,26.23333333333333,27.066666666666666,1.0,-11.331966487807222,-15.894449200917734,27.226415688724956,15.894449200917734,4.562482713110512,-27.226415688724956,6.3944449062692,0.8333333333333357,741.2777112552484,False,stress_positive_evidence_evidence,,case_004,why did the baby fall over,"[""tripped over the toy"", ""pushed by dog"", ""lose balance when trying reach forward"", ""to jump into the pool"", ""girl pushes baby""]",C,images/case_004_a.jpg,images/case_004_b.jpg
qwen3_vl_4b,lvbench,lvbench:1360,0,evidence_evidence,-6.8752105593448505,-5.375239002984017,-5.875130544882268,3.85029324144125,11.225395342684351,11.225395342684351,uW9mcG0rdLY,2111.3333333333335,2112.6666666666665,1.0,-10.7255038007861,-9.725423786323518,20.450927587109618,10.7255038007861,1.0000800144625828,-20.450927587109618,3.85029324144125,1.3333333333330302,418.2404391732012,False,stress_positive_evidence_evidence,,case_005,"What is the man in the scene most likely doing while on the left side, there are a blue sweatshirt, a black T-shirt, a mint towel, and two black and red socks hanging on a rope to dry?","[""Sketching landscapes"", ""Writing a travel diary"", ""Calculating the weather on the island"", ""Recording the behavior of wild animals""]",D,images/case_005_a.jpg,images/case_005_b.jpg
qwen3_vl_4b,lvbench,lvbench:2915,0,evidence_evidence,-5.375611102674156,10.586318493209546,-4.000553924590349,-8.875186359888176,11.087297160585877,11.087297160585877,RCAqKnvu_P0,1017.0,1028.0,1.0,3.499575257214019,4.874632435297826,8.374207692511845,4.874632435297826,1.3750571780838072,8.374207692511845,8.875186359888176,11.0,70.12735447732456,True,stress_positive_evidence_evidence,,case_006,Where does the vlogger go after visiting Takeshita Street?,"[""TeamLab Planets"", ""Shibuya sky"", ""Asakusa"", ""Mt. Fuji""]",C,images/case_006_a.jpg,images/case_006_b.jpg
qwen3_vl_4b,nextgqa,nextgqa:5412696114:0,2,evidence_evidence,-3.4689903259277344e-05,0.2499772310256958,-1.2500440776348114,9.368381027052237,10.868437025616004,10.868437025616004,5412696114,26.23333333333333,27.066666666666666,1.0,-9.368415716955496,-10.618425104687049,19.986840821642545,10.618425104687049,1.2500093877315521,-19.986840821642545,9.368381027052237,0.8333333333333357,399.47380602967684,False,stress_positive_evidence_evidence,,case_007,why did the baby fall over,"[""tripped over the toy"", ""pushed by dog"", ""lose balance when trying reach forward"", ""to jump into the pool"", ""girl pushes baby""]",C,images/case_007_a.jpg,images/case_007_b.jpg
qwen3_vl_4b,lvbench,lvbench:1348,1,evidence_evidence,8.004469808045542,10.169327617422823,-4.625093594193459,4.055887686088681,10.845839089659421,10.845839089659421,uW9mcG0rdLY,789.0,799.0,1.0,3.9485821219568606,-8.68098128028214,12.629563402239,8.68098128028214,4.732399158325279,-4.732399158325279,4.055887686088681,10.0,159.50587173117475,True,stress_positive_evidence_evidence,,case_008,Why did the person jump up at the end of the clip that has a white reticle at the center?,"[""This person witnessed people hunting orca on the beach, so the person was angry"", ""This person saw an orca hunting elephant seals on the beach, so he attempted to drive away the orca"", ""This person and their companions successfully helped a stranded orca return to the ocean, so the person was happy"", ""This person captured a rare sighting of an orca on the beach, so the person was happy""]",C,images/case_008_a.jpg,images/case_008_b.jpg
qwen3_vl_4b,lvbench,lvbench:1348,0,evidence_evidence,6.685600702185184,13.14804923534598,-1.5000202059745789,2.8290371857583523,10.791505924893727,10.791505924893727,uW9mcG0rdLY,789.0,799.0,1.0,3.8565635164268315,-4.329057391732931,8.185620908159763,4.329057391732931,0.47249387530609965,-0.47249387530609965,2.8290371857583523,10.0,67.00438965210226,True,stress_positive_evidence_evidence,,case_009,Why did the person jump up at the end of the clip that has a white reticle at the center?,"[""This person witnessed people hunting orca on the beach, so the person was angry"", ""This person saw an orca hunting elephant seals on the beach, so he attempted to drive away the orca"", ""This person and their companions successfully helped a stranded orca return to the ocean, so the person was happy"", ""This person captured a rare sighting of an orca on the beach, so the person was happy""]",C,images/case_009_a.jpg,images/case_009_b.jpg
qwen3_vl_4b,lvbench,lvbench:3045,1,evidence_evidence,-7.5700377225875854,-0.6296715438365936,-5.6257198001258075,-1.9236788898706436,10.642407089006156,10.642407089006156,iA_69g87Ilw,1674.3333333333333,1691.6666666666667,1.0,-5.646358832716942,-3.702040910255164,9.348399742972106,5.646358832716942,1.944317922461778,-9.348399742972106,1.9236788898706436,17.333333333333485,87.39257775440093,True,stress_positive_evidence_evidence,,case_010,Where does the vlogger have his second day breakfast?,"[""In a lounge"", ""At a local restaurant"", ""At the dinning room"", ""In his room""]",D,images/case_010_a.jpg,images/case_010_b.jpg
qwen3_vl_4b,herbench,herbench:SVA_5152,1,evidence_evidence,2.4998855367302895,-3.58917223662138,-2.125106565654278,14.002276539802892,10.0383253321055,10.0383253321055,Werner Herzog Reads Curious George,97.7,178.25,1.0,-11.502391003072603,-16.12738310545717,27.629774108529773,16.12738310545717,4.624992102384567,-27.629774108529773,14.002276539802892,80.55,763.4044172883822,False,stress_positive_evidence_evidence,,case_011,"From the correctly described shots, which is the one that appears last in the video?","[""A man in a black suit and scarf gives balloons to two children, one with blonde hair in a yellow dress and bow, and the other in a green outfit, against a backdrop of a roof with white-capped mountains and soaring eagles overhead."", ""Two individuals with blonde hair, wearing gray jackets, examine a large detailed map under the light of a hanging lamp."", ""None of the above shots happened in the video as outlined."", ""A monkey with brown fur sits on a purple chair using a stack of books as a booster seat, happily eating from a bowl at a table set with a floral tablecloth, bottles, glasses, and utensils, as a bird pecks crumbs from the floor."", ""A man in a blue outfit talks to a small monkey sitting on a stool inside a room with a porthole, a large map on the wall, bunk bed, and trunk, while a gentle breeze slightly moves the curtains.""]",C,images/case_011_a.jpg,images/case_011_b.jpg
qwen3_vl_32b,nextgqa,nextgqa:9023339404:2,0,evidence_evidence,6.065133522730321,8.611526625027182,6.608908369205892,14.047009587288244,9.984494320379213,9.984494320379213,9023339404,37.1,75.5,1.0,-7.981876064557923,-7.438101218082352,15.419977282640275,7.981876064557923,0.5437748464755714,-15.419977282640275,14.047009587288244,38.4,237.77569939714215,False,stress_positive_evidence_evidence,,case_012,what does the man with a white hat do as the elephant is moving,"[""start talking"", ""clapping his hands"", ""folds the shirt"", ""snatch the shirt"", ""guiding the elephant""]",E,images/case_012_a.jpg,images/case_012_b.jpg
perception_lm_8b,lvbench,lvbench:1360,0,evidence_evidence,2.14833315461874,2.9465111158788204,3.046192530542612,11.801224827794613,9.553210258512081,9.553210258512081,uW9mcG0rdLY,2111.3333333333335,2112.6666666666665,1.0,-9.652891673175873,-8.755032297252,18.407923970427873,9.652891673175873,0.897859375923872,-18.407923970427873,11.801224827794613,1.3333333333330302,338.8516649010531,False,stress_positive_evidence_evidence,,case_013,"What is the man in the scene most likely doing while on the left side, there are a blue sweatshirt, a black T-shirt, a mint towel, and two black and red socks hanging on a rope to dry?","[""Sketching landscapes"", ""Writing a travel diary"", ""Calculating the weather on the island"", ""Recording the behavior of wild animals""]",D,images/case_013_a.jpg,images/case_013_b.jpg
qwen3_vl_32b,lvbench,lvbench:1703,2,evidence_evidence,-7.7500313390628435,-1.1250433027744293,-6.375054590054788,-3.511914264410734,9.488128361932468,9.488128361932468,t-RtDI2RWQs,2122.3333333333335,2123.6666666666665,1.0,-4.238117074652109,-2.8631403256440535,7.101257400296163,4.238117074652109,1.3749767490080558,-7.101257400296163,3.511914264410734,1.3333333333330302,50.42785666526102,True,stress_positive_evidence_evidence,,case_014,Why is there letter on the screen when the Rock appears on the stage with another presenter?,"[""It is the translation of an audio that is not English"", ""It is the auto-generated English subtitles"", ""It is the description of the next award name"", ""It is the description of the presenters""]",A,images/case_014_a.jpg,images/case_014_b.jpg
qwen3_vl_32b,herbench,herbench:SVA_1424,1,evidence_evidence,-11.250108124317194,6.796678928541951,6.137206024955958,-2.5680280923843384,9.341552935518848,9.341552935518848,Furious 7 - Official Trailer HD,8.1,139.5,1.0,-8.682080031932855,8.705234117340297,17.387314149273152,8.705234117340297,0.023154085407441016,0.023154085407441016,2.5680280923843384,131.4,302.31869332551435,False,stress_positive_evidence_evidence,,case_015,"From the correctly described shots, which is the one that appears last in the video?","[""None of the above shots happened in the video as outlined."", ""A dark blue car riddled with bullet holes skids on a road next to a rocky hillside, leaving both debris and tire marks in its wake, as a small bird takes flight nearby."", ""A bald man with a beard sits inside a car, speaking into a radio or walkie-talkie, wearing a black shirt and a harness, with roll bars visible in the dimly-lit interior."", ""A man in a dark shirt walks past a black SUV under bright overhead lights in an urban setting at night."", ""A green car speeds across a gravel path, trailing dust, with a large truck behind it in a mountainous landscape.""]",D,images/case_015_a.jpg,images/case_015_b.jpg
qwen3_vl_32b,lvbench,lvbench:2832,1,evidence_evidence,-11.500003218734491,-10.875002026781658,-10.625003338242095,-2.24523788690567,9.004766643289258,9.004766643289258,Mcggugol2ts,2017.3333333333333,2017.6666666666667,1.0,-9.254765331828821,-8.379765451336425,17.634530783165246,9.254765331828821,0.8749998804923962,-17.634530783165246,2.24523788690567,0.3333333333334849,310.97667594240266,False,stress_positive_evidence_evidence,,case_016,Which floor is the bookoff on?,"[""4"", ""5"", ""3"", ""6""]",A,images/case_016_a.jpg,images/case_016_b.jpg
qwen3_vl_32b,herbench,herbench:SVA_1424,2,evidence_evidence,-10.62529993816861,5.115374515298754,3.2254779897630215,-3.5152288675308228,8.99996759617352,8.99996759617352,Furious 7 - Official Trailer HD,8.1,139.5,1.0,-7.110071070637787,6.740706857293844,13.850777927931631,7.110071070637787,0.36936421334394254,-0.36936421334394254,3.5152288675308228,131.4,191.84404920887803,False,stress_positive_evidence_evidence,,case_017,"From the correctly described shots, which is the one that appears last in the video?","[""None of the above shots happened in the video as outlined."", ""A dark blue car riddled with bullet holes skids on a road next to a rocky hillside, leaving both debris and tire marks in its wake, as a small bird takes flight nearby."", ""A bald man with a beard sits inside a car, speaking into a radio or walkie-talkie, wearing a black shirt and a harness, with roll bars visible in the dimly-lit interior."", ""A man in a dark shirt walks past a black SUV under bright overhead lights in an urban setting at night."", ""A green car speeds across a gravel path, trailing dust, with a large truck behind it in a mountainous landscape.""]",D,images/case_017_a.jpg,images/case_017_b.jpg
qwen3_vl_4b,nextgqa,nextgqa:10682218035:5,0,evidence_evidence,0.6236302852630615,7.460060285171494,5.3423250573687255,7.134377797192428,8.628482739732135,8.628482739732135,10682218035,15.866666666666667,16.833333333333336,1.0,-6.510747511929367,-1.7920527398237027,8.30280025175307,6.510747511929367,4.718694772105664,-8.30280025175307,7.134377797192428,0.9666666666666686,68.93649202051084,True,stress_positive_evidence_evidence,,case_018,what does the person do after lifting the lid up in the middle,"[""brushing"", ""touch the screen of phone"", ""cooking"", ""put the lid back down"", ""stablise cloth""]",D,images/case_018_a.jpg,images/case_018_b.jpg
qwen3_vl_32b,lvbench,lvbench:1425,2,evidence_evidence,-15.625000715256078,-14.875004410745078,-11.250099541139207,-3.512800382450223,8.487295463199985,8.487295463199985,TZ0j6kr4ZJ0,1327.0,1330.0,1.0,-12.112200332805855,-7.737299158688984,19.84949949149484,12.112200332805855,4.3749011741168715,-19.84949949149484,3.512800382450223,3.0,394.0026300628539,False,stress_positive_evidence_evidence,,case_019,What type of melon is cut?,"[""Honeydew"", ""Pumpkin"", ""Cantaloupe"", ""Watermelon""]",C,images/case_019_a.jpg,images/case_019_b.jpg
qwen3_vl_32b,nextgqa,nextgqa:10682218035:5,0,evidence_evidence,1.9996652156114578,7.498218212975189,3.874725703150034,6.709374455502257,8.333201749715954,8.333201749715954,10682218035,15.866666666666667,16.833333333333336,1.0,-4.709709239890799,-2.834648752352223,7.544357992243022,4.709709239890799,1.8750604875385761,-7.544357992243022,6.709374455502257,0.9666666666666686,56.917337515121154,True,stress_positive_evidence_evidence,,case_020,what does the person do after lifting the lid up in the middle,"[""brushing"", ""touch the screen of phone"", ""cooking"", ""put the lid back down"", ""stablise cloth""]",D,images/case_020_a.jpg,images/case_020_b.jpg
qwen3_vl_32b,lvbench,lvbench:2832,2,evidence_evidence,-7.875019510771381,-6.500015934812836,-9.37501526370761,-2.439671576023102,8.310347263643052,8.310347263643052,Mcggugol2ts,2017.3333333333333,2017.6666666666667,1.0,-5.435347934748279,-6.935343687684508,12.370691622432787,6.935343687684508,1.499995752936229,-12.370691622432787,2.439671576023102,0.3333333333334849,153.03401121732873,True,stress_positive_evidence_evidence,,case_021,Which floor is the bookoff on?,"[""4"", ""5"", ""3"", ""6""]",A,images/case_021_a.jpg,images/case_021_b.jpg
qwen3_vl_4b,herbench,herbench:FAM_161578,2,evidence_evidence,3.392610240727663,-5.204589456319809,-7.425167288631201,9.474349501695542,8.302317093279271,8.302317093279271,P02-20240211-141313,6.59,13.59,1.0,-6.081739260967879,-16.899516790326743,22.981256051294622,16.899516790326743,10.817777529358864,-22.981256051294622,9.474349501695542,7.0,528.1381296951657,False,stress_positive_evidence_evidence,,case_022,Which of the following actions did NOT occur in the video?,"[""grab blind pull"", ""pick up serrated knife"", ""place serrated knife"", ""grab chair"", ""pick up empty packaging""]",D,images/case_022_a.jpg,images/case_022_b.jpg
qwen3_vl_4b,lvbench,lvbench:1425,0,evidence_evidence,-8.000015439494746,-8.750017896862119,-11.000003338060196,-1.9563837051391602,8.293617175553663,8.293617175553663,TZ0j6kr4ZJ0,1327.0,1330.0,1.0,-6.043631734355586,-9.043619632921036,15.087251367276622,9.043619632921036,2.9999878985654505,-15.087251367276622,1.9563837051391602,3.0,227.6251538193903,False,stress_positive_evidence_evidence,,case_023,What type of melon is cut?,"[""Honeydew"", ""Pumpkin"", ""Cantaloupe"", ""Watermelon""]",C,images/case_023_a.jpg,images/case_023_b.jpg
qwen3_vl_4b,herbench,herbench:SVA_2092,1,evidence_evidence,-6.876766175497323,-8.464925825595856,-9.250630682392512,0.36984241008758545,8.032313442381565,8.032313442381565,Into the Wild 2007 Trailer 1 Movieclips Classic Trailers,102.95,121.05,1.0,-7.246608585584909,-9.620473092480097,16.867081678065006,9.620473092480097,2.3738645068951882,-16.867081678065006,0.36984241008758545,18.099999999999994,284.4984443345162,False,stress_positive_evidence_evidence,,case_024,"From the correctly described shots, which is the one that appears last in the video?","[""None of the above shots happened in the video as outlined."", ""A person in a dark jacket with wavy dark hair is running through a snowy landscape with trees, heading towards a small herd of reindeer."", ""A shirtless man with short dark hair climbs a rocky slope under a clear sky, wearing patterned dark shorts, with patches of moss and a small lizard darting away."", ""A person with light skin squats on a dirt ground next to a yellow canister, reaching for a pile of burning paper currency."", ""A person with dark hair is taking a shower from a hanging container in an outdoor setting during sunset, with trees, mountains, and a hint of a rainbow in the background.""]",D,images/case_024_a.jpg,images/case_024_b.jpg
qwen3_vl_32b,lvbench,lvbench:5127,1,evidence_evidence,18.484304428100586,19.177248001098633,19.37656593322754,-8.62532301218016,-27.308945372409653,27.308945372409653,JTa_Ue2MSwc,7.333333333333333,8.666666666666666,1.0,27.109627440280747,28.0018889454077,55.11151638568845,28.0018889454077,0.8922615051269531,55.11151638568845,8.62532301218016,1.333333333333333,3037.279238330006,False,stress_negative_evidence_evidence,,case_025,"What words appear to the right of ""Jerry Springer"" when the background is a girl with pink curly hair?","[""You're Cheating With My Co-Worker"", ""I Stole Your Dog And Your Man"", ""Real Girlfriend Vs. Online Girlfriend"", ""Watch Your Mouth And Your Man""]",D,images/case_025_a.jpg,images/case_025_b.jpg
qwen3_vl_4b,nextgqa,nextgqa:5306556049:4,2,evidence_evidence,11.359036207267309,10.993988394879125,13.841781616211392,-11.375395779439714,-25.58222520803929,25.58222520803929,5306556049,3.1999999999999997,6.3999999999999995,1.0,22.734431986707023,25.217177395651106,47.95160938235813,25.217177395651106,2.4827454089440835,47.95160938235813,11.375395779439714,3.1999999999999997,2299.356842358256,False,stress_negative_evidence_evidence,,case_026,what was the baby in pink doing when the boy in checkered was walking towards the camera,"[""looking over curiously"", ""pushing toys away"", ""falling down"", ""touching the baby s chin"", ""lying on her stomach""]",E,images/case_026_a.jpg,images/case_026_b.jpg
qwen3_vl_32b,lvbench,lvbench:3166,1,evidence_evidence,18.89316177368164,18.238357543945312,18.069730758666992,-5.002633600030094,-23.727168588433415,23.727168588433415,uusf1qG_uZ4,52.333333333333336,54.666666666666664,1.0,23.895795373711735,23.072364358697087,46.96815973240882,23.895795373711735,0.8234310150146484,46.96815973240882,5.002633600030094,2.3333333333333286,2206.0080286490697,False,stress_negative_evidence_evidence,,case_027,What is the first exercise the substitute daycare teacher does with these infants?,"[""Sit-ups"", ""Push-ups"", ""Hands-up"", ""Jumping jacks""]",D,images/case_027_a.jpg,images/case_027_b.jpg
qwen3_vl_32b,lvbench,lvbench:783,0,evidence_evidence,18.26816177368164,17.076345443725586,13.534294724465326,-8.877263752743602,-23.603374807164982,23.603374807164982,RjDrZkBwzho,3498.6666666666665,3504.3333333333335,1.0,27.145425526425242,22.411558477208928,49.55698400363417,27.145425526425242,4.733867049216315,49.55698400363417,8.877263752743602,5.66666666666697,2455.894663536453,False,stress_negative_evidence_evidence,,case_028,What is the weather like when the panda is caught?,"[""Sunny weather"", ""Heavy rain weather"", ""Cloudy weather"", ""Heavy snow weather""]",B,images/case_028_a.jpg,images/case_028_b.jpg
qwen3_vl_32b,lvbench,lvbench:1433,0,evidence_evidence,18.070043563842773,18.74637222290039,17.454803466796875,-6.821350395679474,-23.59982520341873,23.59982520341873,TZ0j6kr4ZJ0,1979.3333333333333,1980.6666666666667,1.0,24.891393959522247,24.27615386247635,49.167547821998596,24.891393959522247,0.6152400970458984,49.167547821998596,6.821350395679474,1.333333333333485,2417.447758828519,False,stress_negative_evidence_evidence,,case_029,What color tops are most of the elementary school students wearing in the video?,"[""Yellow"", ""White"", ""Black"", ""Blue""]",A,images/case_029_a.jpg,images/case_029_b.jpg
qwen3_vl_32b,lvbench,lvbench:2965,2,evidence_evidence,19.826345443725586,19.660995483398438,20.363357543945312,-2.767689533531666,-23.296397037804127,23.296397037804127,JPPMz8fEml0,135.33333333333334,136.66666666666666,1.0,22.59403497725725,23.13104707747698,45.72508205473423,23.13104707747698,0.5370121002197266,45.72508205473423,2.767689533531666,1.3333333333333144,2090.783128912178,False,stress_negative_evidence_evidence,,case_030,What is the discount on the vlogger's merchandise?,"[""50% off"", ""30% off"", ""20% off"", ""40% off""]",B,images/case_030_a.jpg,images/case_030_b.jpg
qwen3_vl_32b,lvbench,lvbench:1433,1,evidence_evidence,18.51488494873047,19.309751510620117,17.930889129638672,-5.927988972514868,-23.06401154026389,23.06401154026389,TZ0j6kr4ZJ0,1979.3333333333333,1980.6666666666667,1.0,24.442873921245337,23.85887810215354,48.301752023398876,24.442873921245337,0.5839958190917969,48.301752023398876,5.927988972514868,1.333333333333485,2333.0592485299176,False,stress_negative_evidence_evidence,,case_031,What color tops are most of the elementary school students wearing in the video?,"[""Yellow"", ""White"", ""Black"", ""Blue""]",A,images/case_031_a.jpg,images/case_031_b.jpg
qwen3_vl_32b,lvbench,lvbench:5173,2,evidence_evidence,18.70608139038086,18.496570587158203,18.64618682861328,-4.201946623623371,-23.05764425545931,23.05764425545931,20lTg3yUrO4,1276.3333333333333,1277.6666666666667,1.0,22.90802801400423,22.848133452236652,45.75616146624088,22.90802801400423,0.059894561767578125,45.75616146624088,4.201946623623371,1.333333333333485,2093.626312124707,False,stress_negative_evidence_evidence,,case_032,Who apologises to Nigerians?,"[""Former Governor of the Riverse State"", ""The mlitary leader of Riverse State"", ""Minster of Power"", ""The State's Political Leader""]",C,images/case_032_a.jpg,images/case_032_b.jpg
qwen3_vl_32b,lvbench,lvbench:2965,1,evidence_evidence,18.61383056640625,18.201345443725586,18.78887176513672,-3.7559737116098404,-22.957330599427223,22.957330599427223,JPPMz8fEml0,135.33333333333334,136.66666666666666,1.0,22.36980427801609,22.54484547674656,44.91464975476265,22.54484547674656,0.17504119873046875,44.91464975476265,3.7559737116098404,1.3333333333333144,2017.3257625930005,False,stress_negative_evidence_evidence,,case_033,What is the discount on the vlogger's merchandise?,"[""50% off"", ""30% off"", ""20% off"", ""40% off""]",B,images/case_033_a.jpg,images/case_033_b.jpg
qwen3_vl_32b,lvbench,lvbench:5173,0,evidence_evidence,19.42804527282715,19.11383056640625,19.42804527282715,-2.8580027520656586,-22.600262731313705,22.600262731313705,20lTg3yUrO4,1276.3333333333333,1277.6666666666667,1.0,22.286048024892807,22.286048024892807,44.572096049785614,22.286048024892807,0.0,44.572096049785614,2.8580027520656586,1.333333333333485,1986.6717462713143,False,stress_negative_evidence_evidence,,case_034,Who apologises to Nigerians?,"[""Former Governor of the Riverse State"", ""The mlitary leader of Riverse State"", ""Minster of Power"", ""The State's Political Leader""]",C,images/case_034_a.jpg,images/case_034_b.jpg
qwen3_vl_32b,lvbench,lvbench:5127,2,evidence_evidence,18.515100479125977,18.71739387512207,18.341867446899414,-3.9609208777546883,-22.10049492865801,22.10049492865801,JTa_Ue2MSwc,7.333333333333333,8.666666666666666,1.0,22.476021356880665,22.302788324654102,44.77880968153477,22.476021356880665,0.1732330322265625,44.77880968153477,3.9609208777546883,1.333333333333333,2005.1417964951117,False,stress_negative_evidence_evidence,,case_035,"What words appear to the right of ""Jerry Springer"" when the background is a girl with pink curly hair?","[""You're Cheating With My Co-Worker"", ""I Stole Your Dog And Your Man"", ""Real Girlfriend Vs. Online Girlfriend"", ""Watch Your Mouth And Your Man""]",D,images/case_035_a.jpg,images/case_035_b.jpg
qwen3_vl_32b,lvbench,lvbench:2119,1,evidence_evidence,16.10631167888642,15.328162908554106,18.68817710876465,-2.250122047960758,-21.71644792705772,21.71644792705772,FaV0tIaWWEg,1870.0351462573685,1871.070292514737,1.0,18.35643372684718,20.938299156725407,39.294732883572586,20.938299156725407,2.5818654298782278,39.294732883572586,2.250122047960758,1.035146257368524,1544.0760323913207,False,stress_negative_evidence_evidence,,case_036,What appears on the screen at the end of the video?,"[""\""Microsoft Copilot\"" and the logo"", ""\""Open AI\"" and the logo"", ""\""Microsoft\"" and the logo"", ""\""Google\""and the logo""]",C,images/case_036_a.jpg,images/case_036_b.jpg
qwen3_vl_32b,lvbench,lvbench:783,1,evidence_evidence,18.069704055786133,16.951345443725586,12.669328451161391,-7.514214006252587,-21.301901069474525,21.301901069474525,RjDrZkBwzho,3498.6666666666665,3504.3333333333335,1.0,25.58391806203872,20.183542457413978,45.7674605194527,25.58391806203872,5.400375604624742,45.7674605194527,7.514214006252587,5.66666666666697,2094.6604423996614,False,stress_negative_evidence_evidence,,case_037,What is the weather like when the panda is caught?,"[""Sunny weather"", ""Heavy rain weather"", ""Cloudy weather"", ""Heavy snow weather""]",B,images/case_037_a.jpg,images/case_037_b.jpg
qwen3_vl_32b,lvbench,lvbench:913,1,evidence_evidence,18.43560028076172,17.862607955932617,17.81060028076172,-2.8375393748283386,-21.22113198041916,21.22113198041916,5dZ_lvDgevk,5190.333333333333,5191.666666666667,1.0,21.273139655590057,20.648139655590057,41.921279311180115,21.273139655590057,0.625,41.921279311180115,2.8375393748283386,1.3333333333339397,1757.393659085978,False,stress_negative_evidence_evidence,,case_038,Which account's Facebook page is displayed with 28402 likes?,"[""Pope Benedict XVI"", ""Hillary Clinton"", ""Tell Me Now"", ""Your News Wire""]",D,images/case_038_a.jpg,images/case_038_b.jpg
qwen3_vl_32b,lvbench,lvbench:5171,1,evidence_evidence,19.220191955566406,19.951169967651367,18.637014389038086,-2.9895447939634323,-20.895581170916557,20.895581170916557,20lTg3yUrO4,1241.3333333333333,1242.6666666666667,1.0,22.20973674952984,21.62655918300152,43.83629593253136,22.20973674952984,0.5831775665283203,43.83629593253136,2.9895447939634323,1.333333333333485,1921.6208410844652,False,stress_negative_evidence_evidence,,case_039,How many parcels of Cannabis do men arrest with in Kogi State?,"[""520"", ""600"", ""500"", ""620""]",D,images/case_039_a.jpg,images/case_039_b.jpg
qwen3_vl_4b,lvbench,lvbench:5173,0,evidence_evidence,15.726692080497749,15.302141904830961,15.141062378883419,-5.207991361618042,-20.77360391616825,20.77360391616825,20lTg3yUrO4,1276.3333333333333,1277.6666666666667,1.0,20.93468344211579,20.34905374050146,41.28373718261725,20.93468344211579,0.5856297016143301,41.28373718261725,5.207991361618042,1.333333333333485,1704.3469557634141,False,stress_negative_evidence_evidence,,case_040,Who apologises to Nigerians?,"[""Former Governor of the Riverse State"", ""The mlitary leader of Riverse State"", ""Minster of Power"", ""The State's Political Leader""]",C,images/case_040_a.jpg,images/case_040_b.jpg
qwen3_vl_32b,lvbench,lvbench:4461,2,evidence_evidence,8.220584786351537,13.838108062744595,12.9564976692227,-13.37500131130605,-20.71397570413569,20.71397570413569,CgvJqGxzRfE,852.3333333333334,853.6666666666666,1.0,21.595586097657588,26.33149898052875,47.92708507818634,26.33149898052875,4.735912882871162,47.92708507818634,13.37500131130605,1.3333333333332575,2297.0054840917114,False,stress_negative_evidence_evidence,,case_041,What instrument is the eighth contestant playing?,"[""Piano"", ""Cello"", ""Erhu"", ""Guitar""]",D,images/case_041_a.jpg,images/case_041_b.jpg
qwen3_vl_32b,lvbench,lvbench:2965,0,evidence_evidence,18.863357543945312,18.630661010742188,18.605051040649414,-1.7840407192707062,-20.621788293123245,20.621788293123245,JPPMz8fEml0,135.33333333333334,136.66666666666666,1.0,20.64739826321602,20.38909175992012,41.03649002313614,20.64739826321602,0.25830650329589844,41.03649002313614,1.7840407192707062,1.3333333333333144,1683.9935134189518,False,stress_negative_evidence_evidence,,case_042,What is the discount on the vlogger's merchandise?,"[""50% off"", ""30% off"", ""20% off"", ""40% off""]",B,images/case_042_a.jpg,images/case_042_b.jpg
qwen3_vl_32b,lvbench,lvbench:913,2,evidence_evidence,18.560327529907227,17.28563117980957,16.78411293029785,-2.3590363040566444,-20.417845584452152,20.417845584452152,5dZ_lvDgevk,5190.333333333333,5191.666666666667,1.0,20.91936383396387,19.143149234354496,40.06251306831837,20.91936383396387,1.776214599609375,40.06251306831837,2.3590363040566444,1.3333333333339397,1605.00495334918,False,stress_negative_evidence_evidence,,case_043,Which account's Facebook page is displayed with 28402 likes?,"[""Pope Benedict XVI"", ""Hillary Clinton"", ""Tell Me Now"", ""Your News Wire""]",D,images/case_043_a.jpg,images/case_043_b.jpg
qwen3_vl_4b,lvbench,lvbench:5127,1,evidence_evidence,11.828088164355904,11.709482550654684,11.9280272722458,-8.12767159868963,-20.17430448463665,20.17430448463665,JTa_Ue2MSwc,7.333333333333333,8.666666666666666,1.0,19.955759763045535,20.05569887093543,40.011458633980965,20.05569887093543,0.09993910788989524,40.011458633980965,8.12767159868963,1.333333333333333,1600.9168220187698,False,stress_negative_evidence_evidence,,case_044,"What words appear to the right of ""Jerry Springer"" when the background is a girl with pink curly hair?","[""You're Cheating With My Co-Worker"", ""I Stole Your Dog And Your Man"", ""Real Girlfriend Vs. Online Girlfriend"", ""Watch Your Mouth And Your Man""]",D,images/case_044_a.jpg,images/case_044_b.jpg
qwen3_vl_32b,lvbench,lvbench:5171,0,evidence_evidence,19.132301330566406,19.072795867919922,18.71515464782715,-0.9198460578918457,-19.69450616836548,19.69450616836548,20lTg3yUrO4,1241.3333333333333,1242.6666666666667,1.0,20.052147388458252,19.635000705718994,39.687148094177246,20.052147388458252,0.4171466827392578,39.687148094177246,0.9198460578918457,1.333333333333485,1575.0697238491566,False,stress_negative_evidence_evidence,,case_045,How many parcels of Cannabis do men arrest with in Kogi State?,"[""520"", ""600"", ""500"", ""620""]",D,images/case_045_a.jpg,images/case_045_b.jpg
qwen3_vl_32b,lvbench,lvbench:3166,2,evidence_evidence,17.488357543945312,17.669780731201172,16.69855499267578,-2.759162724018097,-19.27629452943802,19.27629452943802,uusf1qG_uZ4,52.333333333333336,54.666666666666664,1.0,20.24752026796341,19.457717716693878,39.70523798465729,20.24752026796341,0.7898025512695312,39.70523798465729,2.759162724018097,2.3333333333333286,1576.505923418272,False,stress_negative_evidence_evidence,,case_046,What is the first exercise the substitute daycare teacher does with these infants?,"[""Sit-ups"", ""Push-ups"", ""Hands-up"", ""Jumping jacks""]",D,images/case_046_a.jpg,images/case_046_b.jpg
qwen3_vl_32b,lvbench,lvbench:1102,2,evidence_evidence,20.223773956298828,20.398046493530273,20.31864356994629,1.2201298773288727,-18.92424115538597,18.92424115538597,EpMLAQbSYAw,5052.333333333333,5053.666666666667,1.0,19.003644078969955,19.098513692617416,38.10215777158737,19.098513692617416,0.09486961364746094,38.10215777158737,1.2201298773288727,1.3333333333339397,1451.774426850936,False,stress_negative_evidence_evidence,,case_047,What colour is Tom Kertis's clothes?,"[""Yellow"", ""White"", ""Black"", ""Blue""]",D,images/case_047_a.jpg,images/case_047_b.jpg
qwen3_vl_32b,lvbench,lvbench:3166,0,evidence_evidence,18.295225143432617,18.89316177368164,18.185327529907227,-1.2672965377569199,-18.854687437415123,18.854687437415123,uusf1qG_uZ4,52.333333333333336,54.666666666666664,1.0,19.562521681189537,19.452624067664146,39.01514574885368,19.562521681189537,0.10989761352539062,39.01514574885368,1.2672965377569199,2.3333333333333286,1522.1815978042957,False,stress_negative_evidence_evidence,,case_048,What is the first exercise the substitute daycare teacher does with these infants?,"[""Sit-ups"", ""Push-ups"", ""Hands-up"", ""Jumping jacks""]",D,images/case_048_a.jpg,images/case_048_b.jpg
qwen3_vl_32b,lvbench,lvbench:5003,0,evidence_evidence,15.754469633102445,16.105051040649414,16.925899505615234,-2.2599126771092415,-18.835230775177507,18.835230775177507,4LA_tH-VSnQ,2368.3333333333335,2369.6666666666665,1.0,18.014382310211687,19.185812182724476,37.20019449293616,19.185812182724476,1.171429872512789,37.20019449293616,2.2599126771092415,1.3333333333330302,1383.854470312278,False,stress_negative_evidence_evidence,,case_049,How do the two audience in the front row look at 39:29?,"[""They appear skeptical"", ""They look very surprised"", ""They look very happy"", ""They are moved to tears""]",B,images/case_049_a.jpg,images/case_049_b.jpg
qwen3_vl_32b,nextgqa,nextgqa:5412696114:0,2,outside_outside,-1.125025600194931,2.3748996779322624,-1.9788742065429688e-05,9.799305798158457,13.299250865027716,13.299250865027716,5412696114,0.988,15.97009375,0.0,-10.924331398353388,-9.799325586900522,20.72365698525391,10.924331398353388,1.1250058114528656,-20.72365698525391,9.799305798158457,14.98209375,429.4699588424632,False,stress_positive_outside_outside,,case_050,why did the baby fall over,"[""tripped over the toy"", ""pushed by dog"", ""lose balance when trying reach forward"", ""to jump into the pool"", ""girl pushes baby""]",C,images/case_050_a.jpg,images/case_050_b.jpg
qwen3_vl_32b,nextgqa,nextgqa:4930378590:0,2,outside_outside,12.041806936281773,11.246491789902393,-2.2562726959586143,11.607956409495273,13.068913959074507,13.068913959074507,4930378590,13.3169911875,18.69283040625,0.0,0.43385052678650027,-13.864229105453887,14.298079632240388,13.864229105453887,13.430378578667387,-13.430378578667387,11.607956409495273,5.37583921875,204.4350811698874,False,stress_positive_outside_outside,,case_051,why is the man on the most right sitting down,"[""play guzheng"", ""watching the show"", ""listening to teacher"", ""caress dog"", ""watching television""]",A,images/case_051_a.jpg,images/case_051_b.jpg
perception_lm_8b,nextgqa,nextgqa:5412696114:0,2,outside_outside,-3.9062697999179363,-8.843752633445547,-10.79687738443863,6.3944449062692,12.25383945718022,12.25383945718022,5412696114,0.988,15.97009375,0.0,-10.300714706187136,-17.19132229070783,27.492036996894967,17.19132229070783,6.890607584520694,-27.492036996894967,6.3944449062692,14.98209375,755.8120982386416,False,stress_positive_outside_outside,,case_052,why did the baby fall over,"[""tripped over the toy"", ""pushed by dog"", ""lose balance when trying reach forward"", ""to jump into the pool"", ""girl pushes baby""]",C,images/case_052_a.jpg,images/case_052_b.jpg
qwen3_vl_4b,herbench,herbench:FAM_371890,2,outside_outside,-11.750000715292117,10.66554307964907,1.7483903020620346,-8.500436653906945,12.166716838972206,12.166716838972206,P08-20240618-163547,39.562,672.863078125,0.0,-3.249564061385172,10.24882695596898,13.498391017354152,10.24882695596898,6.999262894583808,6.999262894583808,8.500436653906945,633.301078125,182.20656005738726,False,stress_positive_outside_outside,,case_053,Which of the following actions did NOT occur in the video?,"[""tap phone keyboard"", ""put down phone"", ""pick up weighing scale"", ""pick up kettle"", ""open refrigerator door""]",D,images/case_053_a.jpg,images/case_053_b.jpg
internvl35_38b,nextgqa,nextgqa:4930378590:0,2,outside_outside,10.277747989293857,10.80058062097305,-3.125647772103548,7.837870675575687,11.486351079358428,11.486351079358428,4930378590,13.3169911875,18.69283040625,0.0,2.4398773137181706,-10.963518447679235,13.403395761397405,10.963518447679235,8.523641133961064,-8.523641133961064,7.837870675575687,5.37583921875,179.65101793664593,False,stress_positive_outside_outside,,case_054,why is the man on the most right sitting down,"[""play guzheng"", ""watching the show"", ""listening to teacher"", ""caress dog"", ""watching television""]",A,images/case_054_a.jpg,images/case_054_b.jpg
qwen3_vl_4b,nextgqa,nextgqa:5412696114:0,2,outside_outside,-1.5001196712255478,-2.500022552907467,-2.8750174827873707,9.368381027052237,11.243495628157689,11.243495628157689,5412696114,0.988,15.97009375,0.0,-10.868500698277785,-12.243398509839608,23.111899208117393,12.243398509839608,1.374897811561823,-23.111899208117393,9.368381027052237,14.98209375,534.1598850061773,False,stress_positive_outside_outside,,case_055,why did the baby fall over,"[""tripped over the toy"", ""pushed by dog"", ""lose balance when trying reach forward"", ""to jump into the pool"", ""girl pushes baby""]",C,images/case_055_a.jpg,images/case_055_b.jpg
internvl35_8b,nextgqa,nextgqa:4930378590:0,2,outside_outside,7.896218726673396,6.5728399977087975,-5.251068574376404,6.698003336787224,10.62569318219903,10.62569318219903,4930378590,13.3169911875,18.69283040625,0.0,1.1982153898861725,-11.949071911163628,13.1472873010498,11.949071911163628,10.750856521277456,-10.750856521277456,6.698003336787224,5.37583921875,172.85116337634534,False,stress_positive_outside_outside,,case_056,why is the man on the most right sitting down,"[""play guzheng"", ""watching the show"", ""listening to teacher"", ""caress dog"", ""watching television""]",A,images/case_056_a.jpg,images/case_056_b.jpg
qwen3_vl_32b,nextgqa,nextgqa:3672431760:8,2,outside_outside,-2.3767486959695816,-0.6514228284358978,-1.5087117552757263,7.192770286870655,10.426807909680065,10.426807909680065,3672431760,0.51051,6.540909375,0.0,-9.569518982840236,-8.701482042146381,18.271001024986617,9.569518982840236,0.8680369406938553,-18.271001024986617,7.192770286870655,6.030399375,333.82947845506203,False,stress_positive_outside_outside,,case_057,how does the lady react when the dog fetches the twig,"[""follow"", ""look at girl"", ""watches dog run away"", ""move backwards"", ""touch lady s head""]",C,images/case_057_a.jpg,images/case_057_b.jpg
internvl35_38b,nextgqa,nextgqa:5412696114:0,2,outside_outside,-3.8751221746206284,-5.625012971227989,-6.500012114178389,4.940991790499538,9.691113108070567,9.691113108070567,5412696114,0.988,15.97009375,0.0,-8.816113965120167,-11.441003904677927,20.257117869798094,11.441003904677927,2.624889939557761,-20.257117869798094,4.940991790499538,14.98209375,410.35082439089325,False,stress_positive_outside_outside,,case_058,why did the baby fall over,"[""tripped over the toy"", ""pushed by dog"", ""lose balance when trying reach forward"", ""to jump into the pool"", ""girl pushes baby""]",C,images/case_058_a.jpg,images/case_058_b.jpg
qwen3_vl_4b,nextgqa,nextgqa:3672431760:8,2,outside_outside,-3.250530056655407,-2.625478185713291,1.1206054091453552,9.056630856634001,8.561077318430762,8.561077318430762,3672431760,0.51051,6.540909375,0.0,-12.307160913289408,-7.936025447488646,20.243186360778054,12.307160913289408,4.371135465800762,-20.243186360778054,9.056630856634001,6.030399375,409.78659403719064,False,stress_positive_outside_outside,,case_059,how does the lady react when the dog fetches the twig,"[""follow"", ""look at girl"", ""watches dog run away"", ""move backwards"", ""touch lady s head""]",C,images/case_059_a.jpg,images/case_059_b.jpg
qwen3_vl_4b,nextgqa,nextgqa:4188739935:0,1,outside_outside,-3.129957612603903,7.357477152952924,6.937783115834463,4.321890429593623,7.8715420793159865,7.8715420793159865,4188739935,1.4120773333333332,27.822336208333333,0.0,-7.4518480421975255,2.6158926862408407,10.067740728438366,7.4518480421975255,4.835955355956685,-4.835955355956685,4.321890429593623,26.410258875,101.35940337505669,True,stress_positive_outside_outside,,case_060,why does the boy raise his left hand at the start of the video,"[""take something from adult"", ""to dance on the floor"", ""look at something"", ""scratch his face"", ""to pose for the camera""]",E,images/case_060_a.jpg,images/case_060_b.jpg
qwen3_vl_4b,herbench,herbench:FAM_306677,2,outside_outside,5.105396939441562,5.828527121804655,-6.500405141385272,0.5917651653289795,7.8153004890773445,7.8153004890773445,P02-20240211-104948,13.214380208333335,113.90494270833334,0.0,4.513631774112582,-7.092170306714252,11.605802080826834,7.092170306714252,2.5785385326016694,-2.5785385326016694,0.5917651653289795,100.6905625,134.69464193932447,False,stress_positive_outside_outside,,case_061,Which of the following actions did NOT occur in the video?,"[""grab frangipane"", ""place frangipane"", ""place down frangipane"", ""pick up can of pringles"", ""pick up spatula""]",E,images/case_061_a.jpg,images/case_061_b.jpg
qwen3_vl_32b,nextgqa,nextgqa:5372042516:8,0,outside_outside,-0.951556384563446,8.43379023054149,9.850242258511571,7.482493320538197,7.017597677131562,7.017597677131562,5372042516,19.008442578125,21.856412703125,0.0,-8.434049705101643,2.3677489379733743,10.801798643075017,8.434049705101643,6.0663007671282685,-6.0663007671282685,7.482493320538197,2.847970125,116.67885392553728,True,stress_positive_outside_outside,,case_062,what did the boy do before the girl blew out the candles,"[""look at cake"", ""blow with him"", ""copy the man"", ""take pictures"", ""happy""]",D,images/case_062_a.jpg,images/case_062_b.jpg
qwen3_vl_4b,lvbench,lvbench:1915,2,outside_outside,-3.752560369670391,-5.375592898577452,-6.500461969990283,2.0953144282102585,6.972743869293481,6.972743869293481,lDlA7cfNk8A,89.99466666666667,1530.6124166666668,0.0,-5.84787479788065,-8.595776398200542,14.443651196081191,8.595776398200542,2.747901600319892,-14.443651196081191,2.0953144282102585,1440.6177500000001,208.61905987405763,False,stress_positive_outside_outside,,case_063,What color stool does the royal family sit on?,"[""Blue and gold"", ""Red and gold"", ""Yellow and gold"", ""Green and gold""]",A,images/case_063_a.jpg,images/case_063_b.jpg
qwen3_vl_4b,nextgqa,nextgqa:2956081853:7,2,outside_outside,9.977240921143675,7.939313713635784,-2.507641978561878,6.308421479538083,6.77813625059207,6.77813625059207,2956081853,0.36036,4.802923125,0.0,3.668819441605592,-8.816063458099961,12.484882899705553,8.816063458099961,5.147244016494369,-5.147244016494369,6.308421479538083,4.442563125,155.87230101936015,True,stress_positive_outside_outside,,case_064,what does the boy do after feeding the girl at the end,"[""look down"", ""turn to her"", ""pat her stomach"", ""look at camera"", ""stretch out arm""]",A,images/case_064_a.jpg,images/case_064_b.jpg
qwen3_vl_4b,nextgqa,nextgqa:3065858527:5,2,outside_outside,9.219471101896488,8.725299609970534,0.23927795886993408,7.359067523444537,6.625618072648649,6.625618072648649,3065858527,0.9856622851365017,16.325031597573307,0.0,1.860403578451951,-7.119789564574603,8.980193143026554,7.119789564574603,5.259385986122652,-5.259385986122652,7.359067523444537,15.339369312436805,80.64386888606114,True,stress_positive_outside_outside,,case_065,why did the man turned the camera to face him at the end of the video,"[""show the video"", ""smile at camera"", ""playing guitar"", ""he is happy"", ""to talk""]",E,images/case_065_a.jpg,images/case_065_b.jpg
internvl35_8b,nextgqa,nextgqa:5412696114:0,2,outside_outside,-0.878868579864502,-1.5015718340873718,-2.000439092516899,5.165238298475742,6.542974136769772,6.542974136769772,5412696114,0.988,15.97009375,0.0,-6.044106878340244,-7.1656773909926414,13.209784269332886,7.1656773909926414,1.1215705126523972,-13.209784269332886,5.165238298475742,14.98209375,174.49840044231456,False,stress_positive_outside_outside,,case_066,why did the baby fall over,"[""tripped over the toy"", ""pushed by dog"", ""lose balance when trying reach forward"", ""to jump into the pool"", ""girl pushes baby""]",C,images/case_066_a.jpg,images/case_066_b.jpg
qwen3_vl_4b,nextgqa,nextgqa:2623063774:6,2,outside_outside,-6.126424802467227,4.056603802368045,-1.2881696224212646,-5.13743394240737,6.333764284849167,6.333764284849167,2623063774,0.7020346666666667,14.934690604166665,0.0,-0.9889908600598574,3.849264319986105,4.838255180045962,3.849264319986105,2.8602734599262476,2.8602734599262476,5.13743394240737,14.232655937499999,23.408713187241588,True,stress_positive_outside_outside,,case_067,what did the boy do after the person with socks walked past the boy,"[""touch water"", ""move backwards"", ""following him"", ""look at the person"", ""hit the camera""]",D,images/case_067_a.jpg,images/case_067_b.jpg
qwen3_vl_32b,lvbench,lvbench:1915,2,outside_outside,-3.75056772865355,-6.626210072194226,-7.001128567149863,1.744563803076744,5.870050026685931,5.870050026685931,lDlA7cfNk8A,89.99466666666667,1530.6124166666668,0.0,-5.495131531730294,-8.745692370226607,14.240823901956901,8.745692370226607,3.2505608384963125,-14.240823901956901,1.744563803076744,1440.6177500000001,202.80106540654697,False,stress_positive_outside_outside,,case_068,What color stool does the royal family sit on?,"[""Blue and gold"", ""Red and gold"", ""Yellow and gold"", ""Green and gold""]",A,images/case_068_a.jpg,images/case_068_b.jpg
qwen3_vl_4b,nextgqa,nextgqa:4124400853:8,1,outside_outside,-5.1348174987360835,0.9866687953472137,-8.2517399903154,-8.626958022359759,5.746268262038939,5.746268262038939,4124400853,1.1291280000000001,17.7220168125,0.0,3.492140523623675,0.37521803204435855,3.8673585556680337,3.492140523623675,3.1169224915793166,3.8673585556680337,8.626958022359759,16.5928888125,14.95646219809874,True,stress_positive_outside_outside,,case_069,why did the lady raised the baby up in the middle of the video,"[""playing with baby"", ""to grab a book"", ""to get boy attention"", ""readjust baby s position"", ""attract baby""]",D,images/case_069_a.jpg,images/case_069_b.jpg
qwen3_vl_4b,herbench,herbench:FAM_342760,2,outside_outside,-9.875034335378587,4.801682183519006,5.439298971556127,-3.5007935147732496,5.736624032568216,5.736624032568216,P05-20240425-083515,3.9386666666666668,72.24991666666665,0.0,-6.374240820605337,8.940092486329377,15.314333306934714,8.940092486329377,2.5658516657240398,2.5658516657240398,3.5007935147732496,68.31124999999999,234.5288046358899,False,stress_positive_outside_outside,,case_070,Which of the following actions did NOT occur in the video?,"[""put down spoon"", ""pick up bowl of porridge"", ""place spatula"", ""open microwave door"", ""place porridge""]",C,images/case_070_a.jpg,images/case_070_b.jpg
internvl35_8b,herbench,herbench:FAM_306677,2,outside_outside,0.07502663135528564,0.7429488599300385,-3.764446746557951,0.5315974354743958,4.9639664106070995,4.9639664106070995,P02-20240211-104948,13.214380208333335,113.90494270833334,0.0,-0.4565708041191101,-4.296044182032347,4.752614986151457,4.296044182032347,3.8394733779132366,-4.752614986151457,0.5315974354743958,100.6905625,22.587349206591412,False,stress_positive_outside_outside,,case_071,Which of the following actions did NOT occur in the video?,"[""grab frangipane"", ""place frangipane"", ""place down frangipane"", ""pick up can of pringles"", ""pick up spatula""]",E,images/case_071_a.jpg,images/case_071_b.jpg
qwen3_vl_32b,lvbench,lvbench:3317,1,outside_outside,-4.753205110318959,0.21130013465881348,-5.503614789806306,-5.505943439900875,4.9621765948832035,4.9621765948832035,Va_9Q6ekm60,42.605896666666666,706.6587392447916,0.0,0.7527383295819163,0.0023286500945687294,0.7550669796764851,0.7527383295819163,0.7504096794873476,0.7550669796764851,5.505943439900875,664.0528425781249,0.5701261437977695,True,stress_positive_outside_outside,,case_072,What does the shop assistant do before rolling matcha dough?,"[""She puts matcha dough on the chopping board"", ""She puts matcha dough in a bag"", ""She puts matcha dough in the box"", ""She puts the dough in the refrigerator""]",B,images/case_072_a.jpg,images/case_072_b.jpg
perception_lm_8b,nextgqa,nextgqa:2956081853:7,2,outside_outside,1.870506927371025,-0.010279357433319092,-5.051661316305399,1.6907382607460022,4.861613292247057,4.861613292247057,2956081853,0.36036,4.802923125,0.0,0.1797686666250229,-6.742399577051401,6.922168243676424,6.742399577051401,6.562630910426378,-6.562630910426378,1.6907382607460022,4.442563125,47.91641319376235,True,stress_positive_outside_outside,,case_073,what does the boy do after feeding the girl at the end,"[""look down"", ""turn to her"", ""pat her stomach"", ""look at camera"", ""stretch out arm""]",A,images/case_073_a.jpg,images/case_073_b.jpg
qwen3_vl_4b,nextgqa,nextgqa:4177758139:5,0,outside_outside,-1.2522168159484863,-5.938364237546921,-4.15626659989357,5.245718012098223,4.7158371903933585,4.7158371903933585,4177758139,1.7997980000000002,23.313008468750002,0.0,-6.497934828046709,-9.401984611991793,15.899919440038502,9.401984611991793,2.9040497839450836,-15.899919440038502,5.245718012098223,21.513210468750003,252.80743819971428,False,stress_positive_outside_outside,,case_074,what did the boy do after the girl finished talking near the end of the video,"[""drinks"", ""look at boy"", ""talk"", ""look over fence of porch"", ""push box to where he started""]",C,images/case_074_a.jpg,images/case_074_b.jpg
qwen3_vl_4b,lvbench,lvbench:1558,1,outside_outside,8.945043810759671,10.525195002916007,11.070626020551572,-5.369613289833069,-14.860088118228305,14.860088118228305,IsdbCjlZ5cQ,135.94647733333335,2312.1521965208335,0.0,14.31465710059274,16.44023931038464,30.75489641097738,16.44023931038464,2.125582209791901,30.75489641097738,5.369613289833069,2176.2057191875,945.8636532499494,False,stress_negative_outside_outside,,case_075,Who are the main individuals featured in this video?,"[""Jane Mayer"", ""James Clapper"", ""Matt Apuzzo"", ""Donald John Trump""]",D,images/case_075_a.jpg,images/case_075_b.jpg
qwen3_vl_4b,nextgqa,nextgqa:3579030253:9,2,outside_outside,5.279028965625912,-6.75567761529237,9.568451645427558,8.58131148191751,-13.02184674442833,13.02184674442833,3579030253,1.7997980000000002,32.84631350000001,0.0,-3.302282516291598,0.9871401635100483,4.289422679801646,3.302282516291598,2.3151423527815496,-2.3151423527815496,8.58131148191751,31.04651550000001,18.399146925996735,True,stress_negative_outside_outside,,case_076,what was the dog in the background doing,"[""play with green toy"", ""resting and watching"", ""let out tongue"", ""hop forward"", ""sniff around""]",B,images/case_076_a.jpg,images/case_076_b.jpg
qwen3_vl_32b,lvbench,lvbench:2754,1,outside_outside,13.6294696331031,12.361817955979404,11.575623750730301,0.015912234783172607,-12.827363193070823,12.827363193070823,evYm0cELO3I,108.36759266666667,1843.0956971510418,0.0,13.613557398319927,11.559711515947129,25.173268914267055,13.613557398319927,2.053845882372798,25.173268914267055,0.015912234783172607,1734.728104484375,633.693467830004,False,stress_negative_outside_outside,,case_077,Which animal appears at 00:07?,"[""Manatee"", ""Sea turtle"", ""Lobster"", ""Clownfish""]",C,images/case_077_a.jpg,images/case_077_b.jpg
qwen3_vl_32b,nextgqa,nextgqa:3579030253:9,2,outside_outside,3.3109958842396736,-9.090012326836586,11.816607713726626,12.94373559952055,-11.273880325282335,11.273880325282335,3579030253,1.7997980000000002,32.84631350000001,0.0,-9.632739715280877,-1.127127885793925,10.759867601074802,9.632739715280877,8.505611829486952,-10.759867601074802,12.94373559952055,31.04651550000001,115.77475079265922,True,stress_negative_outside_outside,,case_078,what was the dog in the background doing,"[""play with green toy"", ""resting and watching"", ""let out tongue"", ""hop forward"", ""sniff around""]",B,images/case_078_a.jpg,images/case_078_b.jpg
qwen3_vl_32b,nextgqa,nextgqa:4220559457:8,2,outside_outside,11.112078905218368,-6.75009735848289,4.873720394447446,11.485051393561662,-11.250845264587042,11.250845264587042,4220559457,0.9976633333333333,12.268141302083333,0.0,-0.37297248834329366,-6.611330999114216,6.98430348745751,6.611330999114216,6.238358510770922,-6.98430348745751,11.485051393561662,11.270477968749999,48.780495204911134,True,stress_negative_outside_outside,,case_079,what does the dog do after dropping the pillow from its mouth,"[""go to the back of cage"", ""lie on it"", ""lie and hug cat"", ""put into mouth again"", ""went under sofa""]",B,images/case_079_a.jpg,images/case_079_b.jpg
qwen3_vl_32b,nextgqa,nextgqa:6764483319:7,0,outside_outside,4.991003990639001,-5.250115052331239,6.239330762415193,5.99355960637331,-10.486890199012123,10.486890199012123,6764483319,0.24357666666666666,6.140796119791666,0.0,-1.002555615734309,0.24577115604188293,1.248326771776192,1.002555615734309,0.756784459692426,-0.756784459692426,5.99355960637331,5.8972194531249995,1.5583197291331687,True,stress_negative_outside_outside,,case_080,what does the lady do after the man claps at the start,"[""laugh and hug hum"", ""smiling"", ""jump around"", ""place hands on his head"", ""dance""]",A,images/case_080_a.jpg,images/case_080_b.jpg
qwen3_vl_4b,nextgqa,nextgqa:3089060111:5,0,outside_outside,-2.1250442564487457,-8.000047040346544,6.984786223503761,2.3746736645698547,-10.485115342831705,10.485115342831705,3089060111,0.6272933333333334,9.213370833333334,0.0,-4.4997179210186005,4.610112558933906,9.109830479952507,4.610112558933906,0.1103946379153058,0.1103946379153058,2.3746736645698547,8.5860775,82.98901137347171,True,stress_negative_outside_outside,,case_081,what did the baby do at the end,"[""eating"", ""turn back to the toy"", ""lying on his back"", ""ride toy car"", ""bite toy and move to cameraman""]",E,images/case_081_a.jpg,images/case_081_b.jpg
qwen3_vl_32b,nextgqa,nextgqa:2676529856:7,1,outside_outside,9.203012829129875,-5.125409125816077,5.941272012190893,9.810301186163997,-10.459392780972848,10.459392780972848,2676529856,0.8301718907987866,11.745635111223455,0.0,-0.6072883570341219,-3.8690291739731038,4.476317531007226,3.8690291739731038,3.261740816938982,-4.476317531007226,9.810301186163997,10.91546322042467,20.037418638402624,True,stress_negative_outside_outside,,case_082,where did the baby approach after he stood in front of the television for a while at the end of the video,"[""the man speaking"", ""dog"", ""baby seat"", ""cat"", ""toys""]",E,images/case_082_a.jpg,images/case_082_b.jpg
qwen3_vl_4b,nextgqa,nextgqa:8666744695:8,2,outside_outside,2.870187520980835,3.3326108008623123,6.618502315599471,-4.265385836362839,-10.421464872080833,10.421464872080833,8666744695,0.522522,7.11119784375,0.0,7.135573357343674,10.88388815196231,18.019461509305984,10.88388815196231,3.7483147946186364,18.019461509305984,4.265385836362839,6.58867584375,324.70099308535987,False,stress_negative_outside_outside,,case_083,what did the girl in orange do after the dog went away in the middle of the video,"[""smiling"", ""stand up"", ""starts to draw"", ""look at the ground"", ""clap""]",C,images/case_083_a.jpg,images/case_083_b.jpg
qwen3_vl_4b,nextgqa,nextgqa:8208916209:0,2,outside_outside,14.465007305145377,16.332929491996772,16.041934847831733,4.510373033583164,-9.663639627397174,9.663639627397174,8208916209,27.0096,28.0464,0.0,9.954634271562213,11.531561814248569,21.486196085810782,11.531561814248569,1.5769275426863558,21.486196085810782,4.510373033583164,1.0367999999999995,461.6566222379106,False,stress_negative_outside_outside,,case_084,why is there a laser on the floor,"[""attract baby"", ""from the robot toy"", ""to play with cat"", ""the pen dropped"", ""the kids are playing""]",C,images/case_084_a.jpg,images/case_084_b.jpg
qwen3_vl_32b,nextgqa,nextgqa:8666744695:8,2,outside_outside,3.390692237764597,7.575260889891069,8.934582599729765,-4.67537647113204,-9.425390418735333,9.425390418735333,8666744695,0.522522,7.11119784375,0.0,8.066068708896637,13.609959070861805,21.676027779758442,13.609959070861805,5.543890361965168,21.676027779758442,4.67537647113204,6.58867584375,469.8501803088597,False,stress_negative_outside_outside,,case_085,what did the girl in orange do after the dog went away in the middle of the video,"[""smiling"", ""stand up"", ""starts to draw"", ""look at the ground"", ""clap""]",C,images/case_085_a.jpg,images/case_085_b.jpg
qwen3_vl_32b,nextgqa,nextgqa:2621535368:7,1,outside_outside,7.331267571076751,3.9970649760216475,12.870466589930857,7.566769733675756,-8.637899451310204,8.637899451310204,2621535368,0.642642,13.32478021875,0.0,-0.2355021625990048,5.303696856255101,5.539199018854106,5.303696856255101,5.068194693656096,5.068194693656096,7.566769733675756,12.68213821875,30.68272577047429,True,stress_negative_outside_outside,,case_086,what did the man do after the baby started to cry at the middle of the video,"[""touch the vacumm clearner"", ""carry baby and chase dog"", ""give her the toy back"", ""kiss baby"", ""he listen and redo dancing steps""]",C,images/case_086_a.jpg,images/case_086_b.jpg
internvl35_38b,nextgqa,nextgqa:3579030253:9,2,outside_outside,3.5405258163809776,-3.7814890295267105,6.117785612586886,5.651616168674082,-7.788184289820492,7.788184289820492,3579030253,1.7997980000000002,32.84631350000001,0.0,-2.111090352293104,0.4661694439128041,2.577259796205908,2.111090352293104,1.6449209083802998,-1.6449209083802998,5.651616168674082,31.04651550000001,6.642268057139319,True,stress_negative_outside_outside,,case_087,what was the dog in the background doing,"[""play with green toy"", ""resting and watching"", ""let out tongue"", ""hop forward"", ""sniff around""]",B,images/case_087_a.jpg,images/case_087_b.jpg
qwen3_vl_32b,lvbench,lvbench:274,2,outside_outside,0.7822640538215637,2.7046535313129425,5.947796888183802,-3.7340877652168274,-7.759495175909251,7.759495175909251,TJR1oYDDTwg,50.97533333333334,865.7841770833334,0.0,4.516351819038391,9.68188465340063,14.19823647243902,9.68188465340063,5.165532834362239,14.19823647243902,3.7340877652168274,814.80884375,201.58991892729765,True,stress_negative_outside_outside,,case_088,"When the prince and princess play, the green dragon is singing in the sky while dropping what?","[""Tree leaf"", ""Star"", ""Snowflake"", ""Flower""]",D,images/case_088_a.jpg,images/case_088_b.jpg
qwen3_vl_4b,nextgqa,nextgqa:2976591964:3,2,outside_outside,1.4822658896446228,-1.0032269656658173,-1.1288111507892609,-6.382098804693669,-7.738780509214848,7.738780509214848,2976591964,1.0930920000000002,21.1274188125,0.0,7.864364694338292,5.253287653904408,13.1176523482427,7.864364694338292,2.6110770404338837,13.1176523482427,6.382098804693669,20.0343268125,172.07280312935723,True,stress_negative_outside_outside,,case_089,what did the girl in pink with two pig tails do after climbing up the yellow surface,"[""jump on it"", ""playing the violin"", ""copying others"", ""lie down on it"", ""walk down""]",E,images/case_089_a.jpg,images/case_089_b.jpg
qwen3_vl_32b,nextgqa,nextgqa:4474292288:5,2,outside_outside,9.052682168185129,11.011556387082237,12.472921371467237,2.8742052167654037,-7.639841935804725,7.639841935804725,4474292288,1.0001658333333334,12.931831673177083,0.0,6.178476951419725,9.598716154701833,15.777193106121558,9.598716154701833,3.420239203282108,15.777193106121558,2.8742052167654037,11.931665839843749,248.9198223078496,False,stress_negative_outside_outside,,case_090,why does the woman swing the baby side by side at the end of the video,"[""pick girl up"", ""playing with baby"", ""get out of pool"", ""feel happy"", ""hold girl s hand""]",B,images/case_090_a.jpg,images/case_090_b.jpg
qwen3_vl_4b,nextgqa,nextgqa:3666030640:4,2,outside_outside,6.725873950636014,11.022206187381016,9.079370028310223,-2.625226713716984,-7.4082645052822045,7.4082645052822045,3666030640,0.24624600000000002,6.450490921875001,0.0,9.351100664352998,11.704596742027206,21.055697406380204,11.704596742027206,2.353496077674208,21.055697406380204,2.625226713716984,6.204244921875,443.34239326904606,False,stress_negative_outside_outside,,case_091,what did the man in the front do when the man at the back after the man at the back picked up the spoon,"[""take the bowl"", ""places pan back on stove"", ""dip food into sauce"", ""does hand gesture toward the tiger"", ""help to season other chickens""]",C,images/case_091_a.jpg,images/case_091_b.jpg
qwen3_vl_4b,nextgqa,nextgqa:6764483319:7,0,outside_outside,8.320658594166161,-0.8761255741119385,6.589706172584556,8.458748482298688,-7.327741858563968,7.327741858563968,6764483319,0.24357666666666666,6.140796119791666,0.0,-0.13808988813252654,-1.869042309714132,2.0071321978466585,1.869042309714132,1.7309524215816054,-2.0071321978466585,8.458748482298688,5.8972194531249995,4.028579659632758,True,stress_negative_outside_outside,,case_092,what does the lady do after the man claps at the start,"[""laugh and hug hum"", ""smiling"", ""jump around"", ""place hands on his head"", ""dance""]",A,images/case_092_a.jpg,images/case_092_b.jpg
qwen3_vl_4b,nextgqa,nextgqa:12427023395:2,2,outside_outside,4.553646649233997,4.09214929677546,3.208911657333374,-3.4609741866588593,-7.13138319645077,7.13138319645077,12427023395,0.5552213333333333,11.577232333333335,0.0,8.014620835892856,6.669885843992233,14.68450667988509,8.014620835892856,1.3447349919006228,14.68450667988509,3.4609741866588593,11.022011000000001,215.6347364315898,True,stress_negative_outside_outside,,case_093,what did the man do when he approached the girl with the cake,"[""move the cake"", ""bent down"", ""help light candle"", ""blow"", ""excited and happy""]",C,images/case_093_a.jpg,images/case_093_b.jpg
qwen3_vl_32b,nextgqa,nextgqa:3081360150:8,2,outside_outside,5.623690673150122,-1.5000094324350357,5.248633909970522,5.248366888612509,-7.123967126943171,7.123967126943171,3081360150,1.1878533333333334,18.866451770833333,0.0,0.3753237845376134,0.0002670213580131531,0.37559080589562654,0.3753237845376134,0.37505676317960024,0.37559080589562654,5.248366888612509,17.6785984375,0.14106845347332622,True,stress_negative_outside_outside,,case_094,why is the snake moving fast in random directions near the end,"[""find more food"", ""avoiding the girl from hitting it"", ""looking at something"", ""trying to escape"", ""attracted by the food""]",D,images/case_094_a.jpg,images/case_094_b.jpg
qwen3_vl_4b,nextgqa,nextgqa:4930378590:0,2,outside_outside,8.769189727478079,-2.2521930411458015,-5.31997013092041,-1.2552014291286469,-6.956614066832117,6.956614066832117,4930378590,13.3169911875,18.69283040625,0.0,10.024391156606725,-4.064768701791763,14.089159858398489,10.024391156606725,5.959622454814962,5.959622454814962,1.2552014291286469,5.37583921875,198.50442551550734,True,stress_negative_outside_outside,,case_095,why is the man on the most right sitting down,"[""play guzheng"", ""watching the show"", ""listening to teacher"", ""caress dog"", ""watching television""]",A,images/case_095_a.jpg,images/case_095_b.jpg
qwen3_vl_32b,nextgqa,nextgqa:3599210242:6,2,outside_outside,6.973059258365538,5.860530495177954,4.4375191843137145,-1.3970535397529602,-6.947101487254258,6.947101487254258,3599210242,0.2769433333333333,8.306136380208333,0.0,8.370112798118498,5.834572724066675,14.204685522185173,8.370112798118498,2.5355400740518235,14.204685522185173,1.3970535397529602,8.029193046875,201.77309078417707,True,stress_negative_outside_outside,,case_096,why is the man not sitting on the bicycle seat,"[""special challenge"", ""to ride faster"", ""small space"", ""go across the pond"", ""red traffic light""]",B,images/case_096_a.jpg,images/case_096_b.jpg
qwen3_vl_4b,nextgqa,nextgqa:3510222236:3,2,outside_outside,-3.3271464854478836,-0.6842559576034546,-2.151683047413826,-11.50018346500292,-6.7056098897446645,6.7056098897446645,3510222236,0.22022000000000003,2.5789826562500004,0.0,8.173036979555036,9.348500417589094,17.52153739714413,9.348500417589094,1.1754634380340576,17.52153739714413,11.50018346500292,2.3587626562500006,307.0042727595203,False,stress_negative_outside_outside,,case_097,how does the man come down from the ramp at the end of the video,"[""stops pedalling"", ""hold boy s arms"", ""walked down"", ""jump"", ""ran down""]",D,images/case_097_a.jpg,images/case_097_b.jpg
qwen3_vl_32b,lvbench,lvbench:4188,2,outside_outside,-0.7894876599311829,1.9701928049325943,3.2394740097224712,-6.076684951782227,-6.556478496640921,6.556478496640921,KLIa2UaE2KE,142.1776,875.28085,0.0,5.287197291851044,9.316158961504698,14.603356253355742,9.316158961504698,4.028961669653654,14.603356253355742,6.076684951782227,733.10325,213.25801386242424,False,stress_negative_outside_outside,,case_098,What did number seven do after being substituted in?,"[""He cried"", ""He injuried"", ""He danced"", ""He served""]",D,images/case_098_a.jpg,images/case_098_b.jpg
qwen3_vl_4b,nextgqa,nextgqa:4220559457:8,2,outside_outside,6.858607008936815,-8.500780881207902,-1.1253171563148499,7.72587392522837,-6.508196808601497,6.508196808601497,4220559457,0.9976633333333333,12.268141302083333,0.0,-0.8672669162915554,-8.85119108154322,9.718457997834776,8.85119108154322,7.983924165251665,-9.718457997834776,7.72587392522837,11.270477968749999,94.44842585567872,True,stress_negative_outside_outside,,case_099,what does the dog do after dropping the pillow from its mouth,"[""go to the back of cage"", ""lie on it"", ""lie and hug cat"", ""put into mouth again"", ""went under sofa""]",B,images/case_099_a.jpg,images/case_099_b.jpg
internvl35_38b,herbench,herbench:FOM_1888,0,evidence_evidence,-2.055704116821289,-1.5675264596939087,-1.862925112247467,-2.2809067368507385,0.07019603252410889,0.07019603252410889,P07-20240530-102543,506.83,2049.81,1.0,0.22520262002944946,0.4179816246032715,0.643184244632721,0.4179816246032715,0.19277900457382202,0.643184244632721,2.2809067368507385,1542.98,0.4136859725437638,True,seeded_typical_evidence_evidence_positive_Q1,Q1,case_100,Which of the following objects the camera wearer of the video did NOT interact with?,"[""frozen banana"", ""oven door"", ""frying pan"", ""smaller tupperware container"", ""bottom shelf of dishwasher""]",D,images/case_100_a.jpg,images/case_100_b.jpg
perception_lm_8b,herbench,herbench:SVA_2169,1,evidence_evidence,-5.381225019693375,-5.278047487139702,-5.204071223735809,-5.1873738169670105,0.11987493932247162,0.11987493932247162,John Wick Official Trailer 1 2014 - Keanu Reeves Willem Dafoe Movie HD,23.1,70.35,1.0,-0.19385120272636414,-0.016697406768798828,0.21054860949516296,0.19385120272636414,0.1771537959575653,-0.21054860949516296,5.1873738169670105,47.24999999999999,0.04433071696034663,True,seeded_typical_evidence_evidence_positive_Q1,Q1,case_101,"The following 4 shots (scenes) take place in the video:

1. A man with short brown hair, wearing a leather jacket and white polo shirt, stands in a dimly lit garage with neon lighting and a motorcycle in the background.
2. A man with dark hair and a beard, wearing a brown leather jacket, is driving a car with a focused expression against a warm, outdoor backdrop.
3. A man in a suit stands with his hands raised in front of a police car at night, with another man in casual clothing standing behind him.
4. A male figure with slicked-back dark hair, wearing a navy suit, aims a rifle behind the cover of a parked taxi in a busy urban setting.

Select the option that correctly reflects the order in which these shots occur in the video:","[""2->1->4->3"", ""At least two descriptions do not accurately reflect any shot from the video"", ""1->2->3->4"", ""1->2->4->3"", ""1->4->3->2""]",B,images/case_101_a.jpg,images/case_101_b.jpg
videollama3_7b,nextgqa,nextgqa:2669597217:2,1,evidence_evidence,-3.2515785098075867,-3.279972642660141,-3.369419902563095,-3.309617429971695,0.031408339738845825,0.031408339738845825,2669597217,6.333333333333333,6.666666666666667,1.0,0.058038920164108276,-0.059802472591400146,0.11784139275550842,0.059802472591400146,0.0017635524272918701,-0.0017635524272918701,3.309617429971695,0.3333333333333339,0.013886593846557993,True,seeded_typical_evidence_evidence_positive_Q1,Q1,case_102,why did the girl in white take out her lollipop from her mouth at the end,"[""taking a photo with shark"", ""present for her"", ""wet"", ""blow the candles"", ""finished eating""]",A,images/case_102_a.jpg,images/case_102_b.jpg
qwen3_vl_4b,herbench,herbench:FOM_201606,0,evidence_evidence,7.46915201714728,8.011969978921115,7.270545724546537,7.001064000010956,0.2733362372382544,0.2733362372382544,P05-20240427-150402,5.2,6.280000000000001,1.0,0.4680880171363242,0.2694817245355807,0.7375697416719049,0.4680880171363242,0.19860629260074347,0.7375697416719049,7.001064000010956,1.080000000000001,0.5440091238299606,True,seeded_typical_evidence_evidence_positive_Q2,Q2,case_103,Which of the following objects the camera wearer of the video did NOT interact with?,"[""peanut butter"", ""scales"", ""can of coconut milk"", ""sriracha"", ""wooden chopping board""]",E,images/case_103_a.jpg,images/case_103_b.jpg
internvl35_8b,nextgqa,nextgqa:8201826598:6,0,evidence_evidence,4.834406230598688,3.7264806255698204,2.7328485175967216,4.148063480854034,0.30728935822844505,0.30728935822844505,8201826598,41.4,42.2,1.0,0.6863427497446537,-1.4152149632573128,2.1015577130019665,1.4152149632573128,0.7288722135126591,-0.7288722135126591,4.148063480854034,0.8000000000000043,4.416544821078055,True,seeded_typical_evidence_evidence_positive_Q2,Q2,case_104,why does the person point to in between to the boy,"[""direct the boy s attention"", ""direct him to sing"", ""get the paint"", ""counting something"", ""want a sweet""]",A,images/case_104_a.jpg,images/case_104_b.jpg
qwen3_vl_4b,herbench,herbench:SVA_4263,2,evidence_evidence,9.388144735021342,9.388347867650737,8.396691705405829,8.681971683588927,0.28548311081249267,0.28548311081249267,The Longest Ride Official Trailer HD 20th Century FOX,107.45,132.35000000000002,1.0,0.7061730514324154,-0.28527997818309814,0.9914530296155135,0.7061730514324154,0.42089307324931724,0.42089307324931724,8.681971683588927,24.90000000000002,0.9829791099337803,True,seeded_typical_evidence_evidence_positive_Q2,Q2,case_105,"The following 4 shots (scenes) take place in the video:

1. A group of women with varied hair colors and expressions are at an outdoor music festival, with one wearing a denim jacket adorned with patches and another in a floral blouse and straw hat, reacting enthusiastically to something happening in front of them.
2. Headlights and yellow marker lights of a large vehicle shine brightly through the darkness and drifting fog, illuminating nearby road signs.
3. A woman with long brown hair is visibly emotional, holding a phone to her ear, inside a room with a window and a brick wall in the background.
4. A man wearing a black hat and blue jacket is riding a bull amid a dusty arena with a cheering crowd and signage for ""Nashville, TN"" in the background.

Select the option that correctly reflects the order in which these shots occur in the video:","[""1->2->3->4"", ""At least two descriptions do not accurately reflect any shot from the video"", ""1->2->4->3"", ""2->1->4->3"", ""3->1->2->4""]",B,images/case_105_a.jpg,images/case_105_b.jpg
internvl35_8b,herbench,herbench:TSO_1332,2,evidence_evidence,-1.094569444656372,-0.17147403955459595,1.0200418829917908,0.45238828659057617,0.3554418087005615,0.3554418087005615,Se7en 1995 Official Trailer - Brad Pitt Morgan Freeman Movie HD,13.100000000000001,68.05,1.0,-1.5469577312469482,0.5676535964012146,2.114611327648163,1.5469577312469482,0.9793041348457336,-0.9793041348457336,0.45238828659057617,54.949999999999996,4.471581067017926,True,seeded_typical_evidence_evidence_positive_Q3,Q3,case_106,"The video includes many shots; among them are the following 4 (scenes):

1. A man with graying hair, wearing a dark suit and patterned tie, sits at a desk cluttered with papers and a lamp, in a dim office setting.
2. A hand is holding a metallic device with spinning gears against a dark background.
3. A man with short dark hair is sitting in a car on a rainy day, gesturing with his hand.
4. Red and blue lights flash outside a car window, illuminating a foggy and wet exterior at night.

Select the option that correctly reflects the order in which these shots occur in the video:","[""1->3->4->2"", ""4->1->3->2"", ""At least two descriptions do not accurately reflect any shot from the video"", ""1->2->3->4"", ""1->4->3->2""]",B,images/case_106_a.jpg,images/case_106_b.jpg
internvl35_38b,lvbench,lvbench:15,1,evidence_evidence,2.2538520991802216,2.6940711066126823,-1.6648985147476196,-1.5990121066570282,0.5061054155230522,0.5061054155230522,qAIRFyR6NyQ,2978.3333333333335,2979.6666666666665,1.0,3.8528642058372498,-0.06588640809059143,3.918750613927841,3.8528642058372498,3.7869777977466583,3.7869777977466583,1.5990121066570282,1.3333333333330302,15.356606374159831,True,seeded_typical_evidence_evidence_positive_Q3,Q3,case_107,What year is written on the first cake appears in the video?,"[""1942"", ""1937"", ""1949"", ""1943""]",D,images/case_107_a.jpg,images/case_107_b.jpg
internvl35_8b,nextgqa,nextgqa:5750350083:7,1,evidence_evidence,4.771988124586642,5.383157399017364,4.725374563597143,4.7224712101742625,0.6082659210078418,0.6082659210078418,5750350083,5.533333333333333,7.166666666666667,1.0,0.049516914412379265,0.0029033534228801727,0.05242026783525944,0.049516914412379265,0.04661356098949909,0.05242026783525944,4.7224712101742625,1.6333333333333337,0.002747884479920335,False,seeded_typical_evidence_evidence_positive_Q3,Q3,case_108,what does the boy in blue do after he stopped playing with the toy fan,"[""waves hand"", ""crawl to the lady"", ""look at the laptop"", ""stand on the stool"", ""crawl away""]",E,images/case_108_a.jpg,images/case_108_b.jpg
qwen3_vl_32b,herbench,herbench:TSO_2004,0,evidence_evidence,-9.875152597087435,-9.00027899176348,-13.000024437962566,-12.250036239813198,1.6248618034733227,1.6248618034733227,There Will Be Blood 2007 Official Trailer - Daniel Day-Lewis Paul Dano Movie HD,16.55,117.75,1.0,2.374883642725763,-0.7499881981493672,3.12487184087513,2.374883642725763,1.6248954445763957,1.6248954445763957,12.250036239813198,101.2,9.764824021894325,True,seeded_typical_evidence_evidence_positive_Q4,Q4,case_109,"The video includes many shots; among them are the following 4 (scenes):

1. Four men in hats stand under a cloudy sky, with one facing away in a dark coat, and others in lighter clothing and brown jackets.
2. People in rugged clothing and boots stand around a muddy, oil-filled ditch on a dusty surface.
3. A group of men in hats and work clothes are lifting pipes onto a cart near a desert oil rig, with horses visible in the background.
4. The phrase ""There Will Be Blood"" is displayed in white gothic-style text on a black background.

Select the option that correctly reflects the order in which these shots occur in the video:","[""3->2->1->4"", ""2->1->3->4"", ""1->2->3->4"", ""2->3->1->4"", ""At least two descriptions do not accurately reflect any shot from the video""]",D,images/case_109_a.jpg,images/case_109_b.jpg
internvl35_38b,nextgqa,nextgqa:9023339404:2,0,evidence_evidence,3.945546504110098,5.595392076997086,5.669181207427755,10.70643949533769,6.687103860796924,6.687103860796924,9023339404,37.1,75.5,1.0,-6.760892991227593,-5.0372582879099355,11.798151279137528,6.760892991227593,1.7236347033176571,-11.798151279137528,10.70643949533769,38.4,139.1963736054145,False,seeded_typical_evidence_evidence_positive_Q4,Q4,case_110,what does the man with a white hat do as the elephant is moving,"[""start talking"", ""clapping his hands"", ""folds the shirt"", ""snatch the shirt"", ""guiding the elephant""]",E,images/case_110_a.jpg,images/case_110_b.jpg
internvl35_38b,herbench,herbench:SVA_3839,0,evidence_evidence,-4.7751569747924805,-5.345245838165283,-5.661333605647087,-4.116063326597214,0.9751814156770706,0.9751814156770706,Thank You for Your Service Trailer 1 2017 Movieclips Trailers,13.6,92.0,1.0,-0.6590936481952667,-1.5452702790498734,2.20436392724514,1.5452702790498734,0.8861766308546066,-2.20436392724514,4.116063326597214,78.4,4.859220323739617,True,seeded_typical_evidence_evidence_positive_Q4,Q4,case_111,"From the correctly described shots, which is the one that appears last in the video?","[""None of the above shots happened in the video as outlined."", ""Two men, one with dark blond hair in a navy tracksuit with white stripes and the other with short hair in a green shirt and khaki pants, walk down an alley lined with faded brick walls and closed wooden doors, while pigeons are clustered near the ground."", ""Two men are standing near windows in a softly lit corridor, with one in the foreground and the other visible in profile, wearing dark gray clothing and a silver wristwatch on his wrist."", ""Text reading \""TO HONOR YOUR SACRIFICE\"" is centered on a soft cream background, with a subtle watermark of an eagle behind it."", ""A shirtless man with short dark hair reacts enthusiastically in a dimly lit bedroom, while a woman with short hair sits behind him in a bed with an open book, next to a small framed picture on the bedside table.""]",A,images/case_111_a.jpg,images/case_111_b.jpg
videollama3_7b,herbench,herbench:AC_8596,2,evidence_evidence,0.5204629302024841,0.1908690333366394,0.22744989395141602,0.5152241885662079,-0.041819602251052856,0.041819602251052856,P09-20240624-160737,2088.0833333333335,2089.4166666666665,1.0,0.005238741636276245,-0.28777429461479187,0.2930130362510681,0.28777429461479187,0.2825355529785156,-0.2825355529785156,0.5152241885662079,1.3333333333330302,0.08585663941306976,True,seeded_typical_evidence_evidence_negative_Q1,Q1,case_112,How many times does the action-object pair 'lift white mug' occur in this video?,"[""2"", ""3"", ""1"", ""4"", ""5""]",C,images/case_112_a.jpg,images/case_112_b.jpg
perception_lm_8b,lvbench,lvbench:2574,2,evidence_evidence,-0.04534256458282471,-0.5196423530578613,-0.47169923782348633,-0.10298371315002441,-0.10558426380157471,0.10558426380157471,-hgaSElC3wU,4983.333333333333,4986.666666666667,1.0,0.05764114856719971,-0.3687155246734619,0.4263566732406616,0.3687155246734619,0.3110743761062622,-0.3110743761062622,0.10298371315002441,3.3333333333339397,0.1817800128168443,True,seeded_typical_evidence_evidence_negative_Q1,Q1,case_113,How do cats communicate their thoughts?,"[""By reciting"", ""By sleeping"", ""By singing"", ""By talking""]",C,images/case_113_a.jpg,images/case_113_b.jpg
qwen3_vl_4b,herbench,herbench:FOM_185595,2,evidence_evidence,-1.2376356422901154,1.5643525421619415,0.11202341318130493,-2.757792141288519,-0.06782737001776695,0.06782737001776695,P03-20240217-192543,4.02,13.17,1.0,1.5201564989984035,2.869815554469824,4.389972053468227,2.869815554469824,1.3496590554714203,4.389972053468227,2.757792141288519,9.15,19.271854630232045,True,seeded_typical_evidence_evidence_negative_Q1,Q1,case_114,Which of the following objects the camera wearer of the video did NOT interact with?,"[""chair"", ""table"", ""blind pull"", ""fridge"", ""aubergine""]",C,images/case_114_a.jpg,images/case_114_b.jpg
qwen3_vl_32b,herbench,herbench:TSO_1579,2,evidence_evidence,-13.250001072887471,-14.000001072884743,-16.749999880790767,-16.249999880790767,-0.24999999999727152,0.24999999999727152,Thank You for Your Service Trailer 1 2017 Movieclips Trailers,94.15,121.6,1.0,2.999998807903296,-0.5,3.499998807903296,2.999998807903296,2.499998807903296,2.499998807903296,16.249999880790767,27.44999999999999,12.249991655324493,True,seeded_typical_evidence_evidence_negative_Q2,Q2,case_115,"The video includes many shots; among them are the following 4 (scenes):

1. Text reading ""FOR YOUR SACRIFICE"" is centered on a plain white background.
2. A shirtless man with short dark hair reacts energetically in a dimly lit bedroom, while a woman with long hair sits behind him in a bed, next to a bedside lamp.
3. In a diner with red booths, a man in military uniform, a woman with long brown hair in a white sweater, a young girl with long dark hair, and a baby in a high chair are sitting together enjoying a meal, while other patrons and staff are visible in the background.
4. A woman with curly black hair, wearing a beige cardigan over an olive green blouse, sits in an office with a lamp, plant, and books in the background.

Select the option that correctly reflects the order in which these shots occur in the video:","[""1->2->3->4"", ""At least two descriptions do not accurately reflect any shot from the video"", ""3->2->1->4"", ""3->4->2->1"", ""3->2->4->1""]",E,images/case_115_a.jpg,images/case_115_b.jpg
internvl35_38b,herbench,herbench:FOM_365509,1,evidence_evidence,-3.6407207250595093,-3.7899646013975143,-3.3436774015426636,-3.3623979687690735,-0.16796444356441498,0.16796444356441498,P09-20240624-160737,11.74,13.07,1.0,-0.2783227562904358,0.018720567226409912,0.2970433235168457,0.2783227562904358,0.2596021890640259,-0.2596021890640259,3.3623979687690735,1.33,0.08823473604593346,True,seeded_typical_evidence_evidence_negative_Q2,Q2,case_116,Which of the following objects the camera wearer of the video did NOT interact with?,"[""tap"", ""cupboard"", ""pot's handle"", ""napkin"", ""napkin rack""]",C,images/case_116_a.jpg,images/case_116_b.jpg
perception_lm_8b,herbench,herbench:TSO_2004,1,evidence_evidence,-3.9727688878774643,-4.596815798431635,-3.9491421803832054,-3.5132971182465553,-0.18820184841752052,0.18820184841752052,There Will Be Blood 2007 Official Trailer - Daniel Day-Lewis Paul Dano Movie HD,16.55,117.75,1.0,-0.45947176963090897,-0.4358450621366501,0.895316831767559,0.45947176963090897,0.02362670749425888,-0.895316831767559,3.5132971182465553,101.2,0.8015922292462996,True,seeded_typical_evidence_evidence_negative_Q2,Q2,case_117,"The video includes many shots; among them are the following 4 (scenes):

1. Four men in hats stand under a cloudy sky, with one facing away in a dark coat, and others in lighter clothing and brown jackets.
2. People in rugged clothing and boots stand around a muddy, oil-filled ditch on a dusty surface.
3. A group of men in hats and work clothes are lifting pipes onto a cart near a desert oil rig, with horses visible in the background.
4. The phrase ""There Will Be Blood"" is displayed in white gothic-style text on a black background.

Select the option that correctly reflects the order in which these shots occur in the video:","[""3->2->1->4"", ""2->1->3->4"", ""1->2->3->4"", ""2->3->1->4"", ""At least two descriptions do not accurately reflect any shot from the video""]",D,images/case_117_a.jpg,images/case_117_b.jpg
internvl35_8b,nextgqa,nextgqa:3350068648:9,2,evidence_evidence,4.466624515131116,5.46666701650247,6.655512802535668,5.086909101344645,-0.5685611998196691,0.5685611998196691,3350068648,21.8,22.099999999999998,1.0,-0.6202845862135291,1.568603701191023,2.188888287404552,1.568603701191023,0.9483191149774939,0.9483191149774939,5.086909101344645,0.29999999999999716,4.7912319347368335,True,seeded_typical_evidence_evidence_negative_Q3,Q3,case_118,what did the man in black do after he nodded at the end of the video,"[""laptop screen"", ""plays the instrument continuously"", ""picked up his drink"", ""put it down"", ""look up""]",E,images/case_118_a.jpg,images/case_118_b.jpg
internvl35_8b,lvbench,lvbench:1115,0,evidence_evidence,-0.5811541676521301,-0.06144893169403076,-1.0826303362846375,-1.9740124940872192,-0.3716769218444824,0.3716769218444824,Z4HGQL_McDQ,633.3333333333334,646.6666666666666,1.0,1.3928583264350891,0.8913821578025818,2.284240484237671,1.3928583264350891,0.5014761686325073,2.284240484237671,1.9740124940872192,13.333333333333258,5.217754589830349,True,seeded_typical_evidence_evidence_negative_Q3,Q3,case_119,What is Samir Boulahya doing when his name first appears?,"[""He is replacing the exhaust pipe on his car"", ""He is changing the tires on the car"", ""He is replacing the brake pads on the car"", ""He is replacing the wheels on the car""]",C,images/case_119_a.jpg,images/case_119_b.jpg
qwen3_vl_4b,lvbench,lvbench:1129,2,evidence_evidence,1.745078757405281,4.236177796497941,4.357286783866584,0.9948931336402893,-0.871294611133635,0.871294611133635,Z4HGQL_McDQ,2896.6666666666665,2913.3333333333335,1.0,0.7501856237649918,3.362393650226295,4.112579273991287,3.362393650226295,2.6122080264613032,4.112579273991287,0.9948931336402893,16.66666666666697,16.913308284862698,True,seeded_typical_evidence_evidence_negative_Q3,Q3,case_120,What does the man do after introducing a ton of remover liquid stored in white plastic buckets on a shelf?,"[""He changes the interior"", ""He changes the brake pads"", ""He brushes the car"", ""He changes the tire""]",C,images/case_120_a.jpg,images/case_120_b.jpg
videollama3_7b,nextgqa,nextgqa:2481132749:7,1,evidence_evidence,-0.6327275037765503,0.21722012758255005,0.3572869896888733,-1.4605061709880829,-0.9678455293178558,0.9678455293178558,2481132749,5.4,6.1,1.0,0.8277786672115326,1.8177931606769562,2.6455718278884888,1.8177931606769562,0.9900144934654236,2.6455718278884888,1.4605061709880829,0.6999999999999993,6.99905029651724,False,seeded_typical_evidence_evidence_negative_Q4,Q4,case_121,what did the man in black do after he bend down in the middle of the video,"[""hand gesture to push it away"", ""turned the car"", ""using computer"", ""pick something up"", ""put finger in the mouth""]",D,images/case_121_a.jpg,images/case_121_b.jpg
perception_lm_8b,herbench,herbench:TSO_0684,1,evidence_evidence,-7.0761578641831875,-6.356365740299225,-6.083575155586004,-8.0154950292781,-1.2121277498081326,1.2121277498081326,Groundhog Day Trailer HD,19.3,145.5,1.0,0.939337165094912,1.9319198736920953,2.8712570387870073,1.9319198736920953,0.9925827085971832,2.8712570387870073,8.0154950292781,126.2,8.244116982783934,True,seeded_typical_evidence_evidence_negative_Q4,Q4,case_122,"The video includes many shots; among them are the following 4 (scenes):

1. A man with short, dark hair is speaking animatedly while wearing a dark suit, light blue shirt, and striped tie, set against a blurred indoor background.
2. A person in dark clothing is energetically moving on a bed in a floral-wallpapered room with a curtained window in the background.
3. A man in a brown hat, glasses, and fur-collared coat is animatedly talking to another man with dark curly hair and a visible plaid collar, in front of buildings and parked cars.
4. A man with short dark hair, wearing a dark shirt, lies in bed under a floral quilt in a wood-paneled room with a side table holding a lamp and books.

Select the option that correctly reflects the order in which these shots occur in the video:","[""3->4->1->2"", ""1->3->4->2"", ""At least two descriptions do not accurately reflect any shot from the video"", ""4->3->1->2"", ""1->2->3->4""]",A,images/case_122_a.jpg,images/case_122_b.jpg
qwen3_vl_4b,herbench,herbench:SVA_1437,0,evidence_evidence,-11.017982378602028,-12.125120521246572,-10.388685889542103,-11.005952457431704,-1.7244047105341451,1.7244047105341451,Furious 7 - Official Trailer HD,8.1,136.55,1.0,-0.012029921170324087,0.617266567889601,0.6292964890599251,0.617266567889601,0.6052366467192769,0.6052366467192769,11.005952457431704,128.45000000000002,0.3960140711431484,True,seeded_typical_evidence_evidence_negative_Q4,Q4,case_123,"From the correctly described shots, which is the one that appears last in the video?","[""None of the above shots happened in the video as outlined."", ""A helicopter flies over a brightly lit cityscape at night."", ""Several women with glittering silver body paint dance and pose under hanging crystals, surrounded by a crowd of men and women in elegant attire in an ornate indoor setting."", ""A dark blue car riddled with bullet holes skids on a road next to a rocky hillside, leaving both debris and tire marks in its wake, as a small bird takes flight nearby."", ""A bald man with a beard sits inside a car, speaking into a radio or walkie-talkie, wearing a dark blue shirt and a harness with several patches, a small map is visible in the dimly-lit interior next to the roll bars.""]",B,images/case_123_a.jpg,images/case_123_b.jpg
internvl35_8b,herbench,herbench:AC_356,1,outside_outside,-0.8163448572158813,-0.7593011856079102,-0.8727445006370544,-0.9206706881523132,0.009117484092712402,0.009117484092712402,P01-20240204-152537,8.916,155.82103125,0.0,0.10432583093643188,0.04792618751525879,0.15225201845169067,0.10432583093643188,0.056399643421173096,0.15225201845169067,0.9206706881523132,146.90503125,0.023180677122613957,True,seeded_typical_outside_outside_positive_Q1,Q1,case_124,How many times does the action-object pair 'press button' occur in this video?,"[""3"", ""4"", ""5"", ""2"", ""1""]",D,images/case_124_a.jpg,images/case_124_b.jpg
videollama3_7b,nextgqa,nextgqa:11506594895:2,1,outside_outside,-0.5848682522773743,-0.6287450790405273,-0.26682817935943604,-0.16592401266098022,0.057027339935302734,0.057027339935302734,11506594895,0.5045045045045046,10.105855855855857,0.0,-0.41894423961639404,-0.10090416669845581,0.5198484063148499,0.41894423961639404,0.31804007291793823,-0.5198484063148499,0.16592401266098022,9.601351351351353,0.2702423655480892,True,seeded_typical_outside_outside_positive_Q1,Q1,case_125,what does the girl in purple do after getting the end of the leash at the start,"[""walk towards woman"", ""look up in the sky"", ""bend down"", ""stand up"", ""run backwards""]",D,images/case_125_a.jpg,images/case_125_b.jpg
internvl35_38b,lvbench,lvbench:3166,0,outside_outside,-0.4118669629096985,-0.5193469226360321,-0.5248586535453796,-0.38914036750793457,0.02823832631111145,0.02823832631111145,uusf1qG_uZ4,159.70866666666666,2716.295057291667,0.0,-0.022726595401763916,-0.13571828603744507,0.15844488143920898,0.13571828603744507,0.11299169063568115,-0.15844488143920898,0.38914036750793457,2556.5863906250006,0.02510478045428499,True,seeded_typical_outside_outside_positive_Q1,Q1,case_126,What is the first exercise the substitute daycare teacher does with these infants?,"[""Sit-ups"", ""Push-ups"", ""Hands-up"", ""Jumping jacks""]",D,images/case_126_a.jpg,images/case_126_b.jpg
perception_lm_8b,nextgqa,nextgqa:6257273545:4,0,outside_outside,4.978097562212497,4.860181160736829,5.229856111574918,5.515598263591528,0.16782575054094195,0.16782575054094195,6257273545,1.7997980000000002,28.796768000000004,0.0,-0.5375007013790309,-0.2857421520166099,0.8232428533956409,0.5375007013790309,0.25175854936242104,-0.8232428533956409,5.515598263591528,26.996970000000005,0.6777287956669966,True,seeded_typical_outside_outside_positive_Q2,Q2,case_127,what does the man do after sitting up straight and inhaling in the middle,"[""hold and move baby s arms"", ""cycle"", ""dance"", ""relax his shoulders"", ""take the pipe""]",D,images/case_127_a.jpg,images/case_127_b.jpg
qwen3_vl_4b,lvbench,lvbench:2256,0,outside_outside,-3.502359062433243,-3.5251798033714294,-3.7017654478549957,-3.5719727724790573,0.10697193443775177,0.10697193443775177,16Z-XQh9jhk,100.4752,1708.8633625000002,0.0,0.06961371004581451,-0.12979267537593842,0.19940638542175293,0.12979267537593842,0.0601789653301239,-0.0601789653301239,3.5719727724790573,1608.3881625000001,0.03976290654696868,True,seeded_typical_outside_outside_positive_Q2,Q2,case_128,How many white lights were on at 45:08?,"[""24"", ""20"", ""6"", ""5""]",A,images/case_128_a.jpg,images/case_128_b.jpg
qwen3_vl_32b,herbench,herbench:FOM_623,0,outside_outside,0.8479796350002289,-0.6093074977397919,-0.0616033673286438,1.4761177897453308,0.08043402433395386,0.08043402433395386,P02-20240211-141313,30.22733333333333,521.1853489583334,0.0,-0.6281381547451019,-1.5377211570739746,2.1658593118190765,1.5377211570739746,0.9095830023288727,-2.1658593118190765,1.4761177897453308,490.9580156250001,4.690946558593404,True,seeded_typical_outside_outside_positive_Q2,Q2,case_129,Which of the following objects the camera wearer of the video did NOT interact with?,"[""scissors"", ""size of gas flame"", ""tupperware"", ""sticker"", ""raspberry lemon-curd tart""]",B,images/case_129_a.jpg,images/case_129_b.jpg
perception_lm_8b,nextgqa,nextgqa:3350068648:9,0,outside_outside,5.690374823054299,5.889683851506561,3.0927508659660816,3.0702833123505116,0.17684147483669221,0.17684147483669221,3350068648,0.45845800000000003,7.496504640625001,0.0,2.620091510703787,0.02246755361557007,2.6425590643193573,2.620091510703787,2.597623957088217,2.6425590643193573,3.0702833123505116,7.038046640625001,6.983118408416397,True,seeded_typical_outside_outside_positive_Q3,Q3,case_130,what did the man in black do after he nodded at the end of the video,"[""laptop screen"", ""plays the instrument continuously"", ""picked up his drink"", ""put it down"", ""look up""]",E,images/case_130_a.jpg,images/case_130_b.jpg
videollama3_7b,nextgqa,nextgqa:7011018565:8,2,outside_outside,-1.5830364227294922,-1.4029817581176758,-1.087273120880127,-1.0949742794036865,0.17235350608825684,0.17235350608825684,7011018565,1.3306626666666668,20.822791572916664,0.0,-0.48806214332580566,0.00770115852355957,0.49576330184936523,0.48806214332580566,0.4803609848022461,-0.4803609848022461,1.0949742794036865,19.49212890625,0.24578125146058483,True,seeded_typical_outside_outside_positive_Q3,Q3,case_131,what does the man do after putting the black dog down,"[""show the dog s teeth"", ""threw the ball"", ""move his hand to grab the drink"", ""went home"", ""walk backwards""]",A,images/case_131_a.jpg,images/case_131_b.jpg
internvl35_8b,lvbench,lvbench:1681,1,outside_outside,-0.08913397789001465,0.3186432719230652,-0.40760672092437744,-0.49639198184013367,0.3189919888973236,0.3189919888973236,t-RtDI2RWQs,103.79713046379713,1940.5197906239573,0.0,0.407258003950119,0.08878526091575623,0.49604326486587524,0.407258003950119,0.3184727430343628,0.49604326486587524,0.49639198184013367,1836.72266016016,0.24605892061879686,True,seeded_typical_outside_outside_positive_Q3,Q3,case_132,Which film wins the Best Original Screenplay award?,"[""Anatomy of a Fall"", ""Green Book"", ""Manchester by the Sea"", ""Promising Young Woman""]",A,images/case_132_a.jpg,images/case_132_b.jpg
videollama3_7b,nextgqa,nextgqa:8109777832:10,2,outside_outside,0.806971937417984,-0.3126394748687744,-0.18357640504837036,1.4042315483093262,0.4681965410709381,0.4681965410709381,8109777832,1.6629946666666666,26.140197416666666,0.0,-0.5972596108913422,-1.5878079533576965,2.1850675642490387,1.5878079533576965,0.9905483424663544,-2.1850675642490387,1.4042315483093262,24.47720275,4.774520260333227,False,seeded_typical_outside_outside_positive_Q4,Q4,case_133,what does the woman in pink do after the girl hugs her tightly at the end,"[""pat the boy s head"", ""hugs her back"", ""twirl strings"", ""kiss baby"", ""move hands into water""]",B,images/case_133_a.jpg,images/case_133_b.jpg
qwen3_vl_4b,lvbench,lvbench:4201,1,outside_outside,-2.671447917819023,-2.076899893581867,-3.533709529787302,-3.676614608615637,0.4516429454088211,0.4516429454088211,Z86xysw5Ncc,46.132799999999996,934.910025,0.0,1.0051666907966137,0.1429050788283348,1.1480717696249485,1.0051666907966137,0.8622616119682789,1.1480717696249485,3.676614608615637,888.777225,1.3180687882097608,True,seeded_typical_outside_outside_positive_Q4,Q4,case_134,Which statement is true for Men's 100M Round 1 Heat 1?,"[""The athlete who wears a green running shoes is on Track 7"", ""Two athletes have the same natiaonlity"", ""No athlete is on Track 1"", ""The athlete from USA is on track 9""]",C,images/case_134_a.jpg,images/case_134_b.jpg
qwen3_vl_32b,nextgqa,nextgqa:10173643695:5,2,outside_outside,2.1670470759272575,1.4036725014448166,2.130269654095173,4.323550011962652,1.4299057833850384,1.4299057833850384,10173643695,0.6,7.799999999999999,0.0,-2.1565029360353947,-2.1932803578674793,4.349783293902874,2.1932803578674793,0.036777421832084656,-4.349783293902874,4.323550011962652,7.199999999999999,18.920614703916538,True,seeded_typical_outside_outside_positive_Q4,Q4,case_135,what does the boy in red and black shorts do as the boy in blue shorts was hanging on the pole,"[""walk in front of him"", ""watch the kids"", ""jumps withthem"", ""droped on table"", ""climb on table""]",E,images/case_135_a.jpg,images/case_135_b.jpg
internvl35_8b,nextgqa,nextgqa:3557601110:10,0,outside_outside,0.3140755891799927,-0.10517251491546631,-0.08080071210861206,0.29355376958847046,-0.044893622398376465,0.044893622398376465,3557601110,0.2544208333333333,3.736805989583333,0.0,0.020521819591522217,-0.3743544816970825,0.39487630128860474,0.3743544816970825,0.3538326621055603,-0.3538326621055603,0.29355376958847046,3.4823851562499994,0.15592729331936894,True,seeded_typical_outside_outside_negative_Q1,Q1,case_136,what does the bike rider do after falling down from the bridge,"[""walk towards the boy"", ""grab the bridge for support"", ""walk away"", ""kneel at the side"", ""excited""]",B,images/case_136_a.jpg,images/case_136_b.jpg
qwen3_vl_32b,lvbench,lvbench:4765,0,outside_outside,2.2428749799728394,2.199698030948639,2.2306530103087425,2.269877538084984,-0.003952421247959137,0.003952421247959137,sk00epALZps,49.00433767100434,830.010969302636,0.0,-0.02700255811214447,-0.0392245277762413,0.06622708588838577,0.0392245277762413,0.012221969664096832,-0.06622708588838577,2.269877538084984,781.0066316316316,0.004386026905267626,False,seeded_typical_outside_outside_negative_Q1,Q1,case_137,"After Fisher scores , what does the white team No. 20 do?","[""He feels to the ground"", ""He waves his elbow"", ""He bows"", ""He waves""]",B,images/case_137_a.jpg,images/case_137_b.jpg
videollama3_7b,nextgqa,nextgqa:5646554288:9,0,outside_outside,2.7477313578128815,2.8515351563692093,2.9221109338104725,2.767119452357292,-0.05118768289685249,0.05118768289685249,5646554288,0.36169466666666666,5.346299291666666,0.0,-0.019388094544410706,0.1549914814531803,0.17437957599759102,0.1549914814531803,0.1356033869087696,0.1356033869087696,2.767119452357292,4.984604624999999,0.03040823652509962,True,seeded_typical_outside_outside_negative_Q1,Q1,case_138,why did the man in grey extend his arms while running,"[""playing with baby"", ""throw dog toy"", ""lifting weights"", ""catch baby"", ""catch ball""]",E,images/case_138_a.jpg,images/case_138_b.jpg
internvl35_38b,lvbench,lvbench:17,1,outside_outside,1.4280641078948975,1.6284610033035278,1.3625099062919617,1.0369921624660492,-0.1251208484172821,0.1251208484172821,qAIRFyR6NyQ,106.65921933333334,3881.395653552083,0.0,0.39107194542884827,0.3255177438259125,0.7165896892547607,0.39107194542884827,0.06555420160293579,0.7165896892547607,1.0369921624660492,3774.7364342187493,0.5135007827462346,True,seeded_typical_outside_outside_negative_Q2,Q2,case_139,What change occurred to the lighting tool when the girl writes in her diary?,"[""It changes from a candle to a lantern"", ""It changes from a desk lamp to a candle"", ""It changes from a desk lamp to a spotlight"", ""It changes from a candle to a flashlight""]",B,images/case_139_a.jpg,images/case_139_b.jpg
perception_lm_8b,herbench,herbench:ASII_17173,2,outside_outside,3.0818167068064213,3.1047716587781906,3.482469303533435,3.3418937511742115,-0.11762060038745403,0.11762060038745403,P03-20240217-192543,69.16731770833333,1155.780598958333,0.0,-0.2600770443677902,0.14057555235922337,0.4006525967270136,0.2600770443677902,0.11950149200856686,-0.11950149200856686,3.3418937511742115,1086.6132812499998,0.16052250326409898,True,seeded_typical_outside_outside_negative_Q2,Q2,case_140,What is the correct temporal order of the 5 narrated events? Choose the option that lists the events chronologically.,"[""1. pick up coffee jug -> 2. put down mushrooms -> 3. place coffee jug -> 4. pick up pink tea saucer -> 5. pick up green tea saucer"", ""1. put down mushrooms -> 2. place coffee jug -> 3. pick up coffee jug -> 4. pick up pink tea saucer -> 5. pick up green tea saucer"", ""1. pick up green tea saucer -> 2. pick up pink tea saucer -> 3. place coffee jug -> 4. pick up coffee jug -> 5. put down mushrooms"", ""1. put down mushrooms -> 2. pick up coffee jug -> 3. place coffee jug -> 4. pick up pink tea saucer -> 5. pick up green tea saucer"", ""1. place coffee jug -> 2. put down mushrooms -> 3. pick up coffee jug -> 4. pick up green tea saucer -> 5. pick up pink tea saucer""]",D,images/case_140_a.jpg,images/case_140_b.jpg
perception_lm_8b,nextgqa,nextgqa:6292691001:0,2,outside_outside,1.1428507268428802,1.8598815649747849,1.1790858507156372,0.36505454778671265,-0.09700046479701996,0.09700046479701996,6292691001,3.1055242968750005,8.051465296875001,0.0,0.7777961790561676,0.8140313029289246,1.5918274819850922,0.8140313029289246,0.03623512387275696,1.5918274819850922,0.36505454778671265,4.945941000000001,2.533914732402999,True,seeded_typical_outside_outside_negative_Q2,Q2,case_141,why is the small boy running around the house at the start of the video,"[""playing around the toys"", ""want to hug man"", ""let the dog chase"", ""copy adult"", ""playing with the woman""]",E,images/case_141_a.jpg,images/case_141_b.jpg
perception_lm_8b,nextgqa,nextgqa:4086138523:2,1,outside_outside,-5.321871891617775,-5.785566508769989,-6.528647094964981,-6.403541445732117,-0.33858896791934967,0.33858896791934967,4086138523,0.40106733333333333,5.035275036458334,0.0,1.0816695541143417,-0.12510564923286438,1.2067752033472061,1.0816695541143417,0.9565639048814774,0.9565639048814774,6.403541445732117,4.634207703125,1.4563063914136907,True,seeded_typical_outside_outside_negative_Q3,Q3,case_142,why does the man in white constantly look down when the camera directs towards him,"[""for fun"", ""looking at book on the table"", ""wipe blood"", ""talking to lady"", ""protect from sun""]",B,images/case_142_a.jpg,images/case_142_b.jpg
qwen3_vl_32b,herbench,herbench:AC_135,2,outside_outside,1.4362218081951141,1.1188541054725647,1.2411476969718933,1.3267115205526352,-0.23180387914180756,0.23180387914180756,P01-20240203-130505,16.574,273.72996875,0.0,0.10951028764247894,-0.08556382358074188,0.19507411122322083,0.10951028764247894,0.02394646406173706,0.02394646406173706,1.3267115205526352,257.15596875,0.03805390886952953,True,seeded_typical_outside_outside_negative_Q3,Q3,case_143,How many times does the action-object pair 'pick up spatula' occur in this video?,"[""9"", ""7"", ""8"", ""10"", ""11""]",B,images/case_143_a.jpg,images/case_143_b.jpg
qwen3_vl_4b,herbench,herbench:ASII_6663,0,outside_outside,1.4803963750600815,1.5724258124828339,1.971448853611946,1.6131618916988373,-0.26625752449035645,0.26625752449035645,P04-20240414-064514,5.1466666666666665,99.11354166666665,0.0,-0.1327655166387558,0.3582869619131088,0.4910524785518646,0.3582869619131088,0.22552144527435303,0.22552144527435303,1.6131618916988373,93.96687499999999,0.24113253669192947,True,seeded_typical_outside_outside_negative_Q3,Q3,case_144,What is the correct temporal order of the 5 narrated events? Choose the option that lists the events chronologically.,"[""1. close lid of rubbish bin -> 2. place coffee mug -> 3. put down carton of eggs -> 4. pick up bottle of olive oil -> 5. pick up condiment jar"", ""1. place coffee mug -> 2. put down carton of eggs -> 3. close lid of rubbish bin -> 4. pick up bottle of olive oil -> 5. pick up condiment jar"", ""1. place coffee mug -> 2. close lid of rubbish bin -> 3. put down carton of eggs -> 4. pick up bottle of olive oil -> 5. pick up condiment jar"", ""1. pick up condiment jar -> 2. pick up bottle of olive oil -> 3. put down carton of eggs -> 4. close lid of rubbish bin -> 5. place coffee mug"", ""1. put down carton of eggs -> 2. place coffee mug -> 3. close lid of rubbish bin -> 4. pick up condiment jar -> 5. pick up bottle of olive oil""]",C,images/case_144_a.jpg,images/case_144_b.jpg
qwen3_vl_4b,lvbench,lvbench:3416,1,outside_outside,7.391062330512796,11.380386352604546,10.951083779487817,6.491408900707029,-0.47035085668903776,0.47035085668903776,1FsiZgGZU70,45.089333333333336,768.9844895833334,0.0,0.8996534298057668,4.459674878780788,5.359328308586555,4.459674878780788,3.5600214489750215,5.359328308586555,6.491408900707029,723.89515625,28.722399919217224,True,seeded_typical_outside_outside_negative_Q4,Q4,case_145,What is the hairstyle of the vlogger?,"[""Dreadlocks"", ""Ponytail"", ""Mohawk"", ""Crew cut""]",A,images/case_145_a.jpg,images/case_145_b.jpg
internvl35_8b,herbench,herbench:SVA_3367,1,outside_outside,-0.9479642808437347,1.8987230360507965,2.7035346925258636,-0.9199497103691101,-0.7767970860004425,0.7767970860004425,Singin in the Rain 1952 Official Trailer - Gene Kelly Debbie Reynolds Movie HD,4.864192666666667,78.73911879166667,0.0,-0.028014570474624634,3.6234844028949738,3.6514989733695984,3.6234844028949738,3.595469832420349,3.595469832420349,0.9199497103691101,73.874926125,13.333444752519231,True,seeded_typical_outside_outside_negative_Q4,Q4,case_146,"The following 4 shots (scenes) take place in the video:

1. Two men in gray suits and a woman in a blue dress with a white scarf joyfully perform a synchronized dance in a cozy kitchen with curtained windows and the words ""Good Mornin'"" appear onscreen.
2. Two people stand on a grassy hill in front of a large billboard for the film ""Singin' In The Rain,"" with bold blue text overlaying the image.
3. A large group dressed in various bright outfits are dancing energetically on a stage surrounded by glowing illuminated signs, with bold text reading ""M-G-M proudly presents..."" superimposed over colorful flags.
4. Sparkling lights illuminate a glamorous Los Angeles premiere night at Grauman's Egyptian Theatre, with a bustling crowd and vintage cars alongside a fountain near the iconic marquee.

Select the option that correctly reflects the order in which these shots occur in the video:","[""3->1->4->2"", ""1->2->3->4"", ""At least two descriptions do not accurately reflect any shot from the video"", ""4->3->1->2"", ""3->4->1->2""]",C,images/case_146_a.jpg,images/case_146_b.jpg
qwen3_vl_32b,nextgqa,nextgqa:3510222236:3,1,outside_outside,-3.6481972336769104,-1.2038729190826416,-6.023172318935394,-9.450942575931549,-0.983445942401886,0.983445942401886,3510222236,0.22022000000000003,2.5789826562500004,0.0,5.802745342254639,3.427770256996155,9.230515599250793,5.802745342254639,2.374975085258484,9.230515599250793,9.450942575931549,2.3587626562500006,85.20241822801223,True,seeded_typical_outside_outside_negative_Q4,Q4,case_147,how does the man come down from the ramp at the end of the video,"[""stops pedalling"", ""hold boy s arms"", ""walked down"", ""jump"", ""ran down""]",D,images/case_147_a.jpg,images/case_147_b.jpg
